car_name,price,mileage_km,fuel,power_kw,transmission,first_registration,seller_type,description
Ford C-Max Titanium AHK KAMERA LED NAVI SHZ TEMPO PDC,€ 8.950,67269,Benzin,92 kW,Schaltgetriebe,07/2017,Dealer,"Verkauf an Händler - Export oder gewerbliche Endverbraucher! Auto online kaufen & liefern lassen Interne Fahrzeugnummer für Kundenanfragen: 33334 Weitere Informationen und Angebote finden Sie unter: www.autozentrum-wardenburg.de - Deutsches Fahrzeug - Scheckheftgepflegt Nichtraucherfahrzeug Bi-Xenonscheinwerfer (Abblendlicht und Fernlicht) Keyless Entry, automatisches Schließ- und Startsystem Spurwechselassistent Spurhalteassistent Verkehrszeichenerkennung Navigationssystem mit Farbdisplay und Touchscreen (TomTom) Geschwindigkeitsregelanlage (Tempomat) Scheinwerferreinigungsanlage Frontscheibe, beheizbar Nebelscheinwerfer LED - Tagfahrlicht Fernlichtassistent Licht- und Regensensor Anhängerkupplung schwenkbar Innenspiegel automatisch abblendbar Außenspiegel elektr. anklapp-/ einstell- und separat beheizbar Müdigkeitswarnsystem Anfahrassistent Bremsassistent Einparkhilfe vorne und hinten, mit optischem Parksystem Rückfahrkamera Reifendruck-Kontrollsystem Multifunktions-Lederlenkrad Bluetooth - Freisprecheinrichtung Sprachsteuerung WLAN-Schnittstelle Elektr. Schnittstelle für externe Nutzung (Media IN), AUX-IN und USB-Anschluss Radio/CD mit MP3 Wiedergabefunktion Bordcomputer mit Multifunktionsanzeige 12-Volt-Steckdose Elektr. Luftzusatzheizung Klimaautomatik (Climatronic) Sportsitze Lendenwirbelstützen Sitzheizung ISOFIX - Kindersitzbefestigung Mittelarmlehne Sonnenschutzblenden mit Make-up Spiegel, beleuchtet Laderaumabdeckung Scheiben seitlich und hinten in Wärmeschutzverglasung, ab der B-Säule abgedunkelt Elektrische Heckklappe Leichtmetallfelgen Diebstahlwarnanlage Plus mit Innenraumüberwachung und Abschleppschutz Elektr. Fensterheber Zentralverriegelung mit Fernbedienung Heckscheibe beheizbar Chrom-Paket Winter-Paket Fahrerinformationssytem Leseleuchten vorne und hinten Getränkehalter Start-Stopp-Automatik Zulassungsservice bei Bedarf (Überführungskennzeichen/Kurzzeitkennzeichen/Ausfuhrkennzeichen) Nettoverkauf ins EU-Ausland und in Drittländer möglich. Auf Wunsch erledigen wir für Sie die komplette Zollabwicklung. Der passende Preis für angemessenen Komfort. Wir nehmen Ihren Gebrauchten zu fairen Preisen in Zahlung! Mtl. Finanzierungsrate mit bis zu 84 Monate Laufzeit (auch ohne Anzahlung möglich). Trotz sorgfältiger inhaltlicher Kontrolle übernehmen wir keine Haftung für eventuelle Fehler in der Anzeige!"
Volvo XC40 T3 Momentum Pro BLIS Kamera LED WinterPaket,€ 22.850,19178,Benzin,120 kW,Schaltgetriebe,07/2021,Dealer,"Interne Fahrzeugnr.: AP-414 (Bitte immer mit Angeben) Standort: autoplus in Bergheim (bei Köln) Oswaldstraße 6, 50126 Bergheim Gerne berate ich Sie zu Ihrem persönlichen Wunschfahrzeug: Herr Riccardo Bernunzo (German/English/ P&#1091&#1089&#1089&#1082&#1080&#1081) Verkaufsberater Premium Automobile Tel.: +49 (0) 2271 569 52 46 E-Mail: verkauf@auto-plus24.de - Netto-Verkauf ins Ausland möglich (Sale without TAX is possible) &#8211 Besichtigung und Beratung nur nach Terminvereinbarung ! Fahrzeugspezifische Daten: Typschlüsselnummern: HSN: 9101 / TSN: BOY 1. Hand Schadstoffarm nach Abgasnorm Euro 6d Deutsches-Fahrzeug Farbe: Black Stone Polsterung: Textil inkl. Mittelarmlehne hinten mit zwei integrierten Getränkehaltern Getriebe 6-Gang Parkassistenz-Paket Einparkhilfe vorne und hinten Rückfahrkamera Winter-Paket Lenkradheizung Scheibenwaschdüsen beheizt Sitzheizung vorn Business-Paket Scheinwerfer LED Tagfahrlicht LED Smartphone Schnittstelle (Apple CarPlay & Android Auto) Navigationssystem Sensus IntelliSafe Surround Totwinkel-Assistent (Blind Spot Informations System, BLIS) Querverkehrs-Assistent Heck (Cross Traffic Alert, CTA) Heckaufprall-Abschwächung aktiver Spurhalteassistent (LKA) Automatische Stabilitätskontrolle ESC Bergabfahrkontrolle (HDC) Berganfahr-Assistent (HSA) Bremsassistent City-Safety-System (Autonomer Notbrems-Assistent) Fahrprofilauswahl (Drive Mode) Fernlichtassistent Multikollisionsbremse (Multi Collision Brake) Müdigkeits-Warner (Driver-AlertControl, DAC) Oncoming Lane Mitigation Run-off Road Protection Straßenrand-Erkennung (Road Edge Detection) Verkehrszeichenerkennung (Road Sign Information, RSI) Geschwindigkeits-Begrenzeranlage Geschwindigkeits-Regelanlage (Tempomat) Außen-/Innenspiegel mit Abblendautomatik Außenspiegel elektr. anklappbar Außenspiegel elektr. verstell- und heizbar, beide Betätigung Heckklappe/-Deckel automatisch Sensus Connect mit High Performance Sound Isofix-Aufnahmen für Kindersitz Keyless Drive Keyless-Start Klimaautomatik 2-Zonen Luftqualitäts-Überwachungssystem (Clean Zone Interior Package CZIP) LM-Felgen 7, 5x18 (5-Speichen) Parkbremse elektrisch Radioempfang digital (DAB) Reifendruck-Kontrollsystem Scheibenwischer mit Regensensor Volvo ON CALL Antriebsart: Frontantrieb uvm. Unser Service für Sie: Gebrauchtwagengarantie gegen Aufpreis TÜV-Gebrauchtwagencheck möglich Vermittlung einer maßgeschneiderten Finanzierung (auch ohne Anzahlung) - sprechen Sie uns einfach an, wir beraten Sie gerne! Inzahlungnahme Ihres derzeitigen Fahrzeugs Zulassungsservice (Kurzzeitkennzeichen / Überführungskennzeichen / Exportkennzeichen) Wir kaufen Ihren Gebrauchten und lösen Ihre Altfinanzierung ab! Öffnungszeiten: Montag - Donnerstag: 09:00 Uhr - 17:00 Uhr Freitag: 09:00 Uhr &#8211 16:00 Uhr Samstag: Geschlossen Besuchen Sie auch unsere Webseite www.autoplus24.de Die Fahrzeugbeschreibung dient lediglich der allgemeinen Identifizierung des Fahrzeuges und stellt keine Gewährleistung im kaufrechtlichen Sinne dar. Die Angaben erheben nicht den Anspruch auf Vollständigkeit. Die gemachten Angaben/ Beschreibungen und Bilder sind unverbindlich und dienen nicht als zugesicherte Eigenschaften. Der Verkäufer übernimmt keine Haftung/ Gewährleistung für Tipp- und Datenübermittlungsfehler. Ausstattungen sind ggf. gesondert vor Ort zu prüfen. ... Sonnenblende mit Spiegel (beleuchtet)"
Fiat 500C 1.2 Lounge Cabrio +DACH OHNE FUNKTION+,€ 6.300,61400,Benzin,51 kW,Schaltgetriebe,10/2017,Dealer,"Komfort: abgedunkelte Scheiben im Fond Außenspiegel abklappbar Außenspiegel beheizbar Außenspiegel elektr. Bordcomputer Colorverglasung Einparkhilfe (PDC) Sensoren hinten Elektr. Fensterheber Faltschiebedach elektr. Kommunikationspaket Lederlenkrad Lenksäule einstellbar Multifunktionslenkrad Rücksitzbank geteilt Sprachsteuerung Tempomat Touchscreen Zentralverriegelung mit Fernbedienung Multimedia: AUX-In Anschluss Bluetooth Freisprecheinrichtung Radio/Tuner USB Anschluss Sicherheit: 3. Bremsleuchte ABS Allwetterreifen Antriebsschlupfregelung (ASR) Außentemperaturanzeige elektr. Stabilitätsprogramm (ESP) Elektronisches Traktions-System Geschwindigkeitsbegrenzungsanlage ISOFIX Kopfstützen im Fonds LED-Tagfahrlicht Pannenkit Reifendruckkontrolle Servolenkung Traktionskontrolle Wegfahrsperre Sicherheit Airbags: Beifahrerairbag Fahrerairbag Seitenairbag Weitere Airbags Sonstiges: Berganfahrhilfe LM-Felgen Stoßfänger in Wagenfarbe Weitere Beschreibung: Sonderausstattung: Ausstattungs-Paket: Style Seitenschutzleisten lackiert inkl. Emblem 500 Zierleiste an Motorhaube verchromt Seitenscheiben hinten und Heckscheibe abgedunkelt Dekor-/Zierstreifen Chrom (Motorhaube) Einparkhilfe elektronisch Komfort-Paket Sitz vorn links höhenverstellbar Tasche an Sitz vorn rechts LM-Felgen 6,5x16 (10-Speichen) Nebelscheinwerfer INFO: 1te Zulassung Tageszulassung Autohaus - 2te Zulassung Privatkunde +++ Dach ohne Funktion (lässt sich nicht öffnen - ausgehakt!) +++ Den genauen Ausstattungsumfang erhalten Sie von unserem Verkaufspersonal, bitte kontaktieren Sie uns. Zwischenverkauf und Irrtuemer vorbehalten. Fahrzeugzustand: ungeprüft HU / AU: fällig sofern nicht angegeben NFO: Verkauf erfolgt bevorzugt an Gewerbetreibende und Händler aufgrund Zustand / Alter / Kilometerlaufleistung. Für dieses Fahrzeug wird keine kostenlose Lieferung angeboten."
Volkswagen Golf VI Trendline,€ 5.799,161000,Diesel,77 kW,Schaltgetriebe,03/2011,Dealer,"Sonderausstattung: Audiosystem RCD 210 MP3 (Radio/CD-Player, 4 Lautsprecher), Fensterheber elektrisch vorn und hinten, Klimaanlage Climatronic 2-Zonen, Metallic-Lackierung, Raucher-Paket Weitere Ausstattung: 3-Punkt-Sicherheitsgurt hinten mitte, Ablagefach am Dachhimmel, Airbag Beifahrerseite abschaltbar, Airbag Fahrer-/Beifahrerseite, Außenspiegel asphärisch, links, Außenspiegel elektr. verstell- und heizbar, Außenspiegel lackiert, Blinkleuchte in Außenspiegel integriert, Bremsassistent, Doppeltonhorn, Elektron. Differentialsperre (EDS), Fahrassistenz-System: Berganfahr-Assistent, Frontscheibe Verbundglas getönt, Gepäckraumabdeckung / Rollo, Gepäckraumbeleuchtung, Handschuhfach mit Kühlfunktion, Heckscheibenwischer, Innenausstattung: Titan-Dekor, Innenraumfilter: Staub- und Pollenfilter, Innenspiegel abblendbar, Isofix-Aufnahmen für Kindersitz an Rücksitz, Karosserie: 4-türig, Knieairbag Fahrerseite, Kopfstützen hinten (3-fach), Lenkrad (3 Speichen), Lenksäule (Lenkrad) mechan. verstellbar, Höhen-/Längsverstellung, Leseleuchte, Motor 1,6 Ltr. - 77 kW TDI DPF, Multifunktionsanzeige / Bordcomputer, Nebelschlussleuchte, Reifen-Reparaturkit (Tire Mobility Set), Rücksitz geteilt / klappbar, Schadstoffarm nach Abgasnorm Euro 5, Scheibenwischer mit Intervallschaltung, regulierbar, Seitenairbag vorn mit Kopf-Airbag-Einheit, Sicherheitsgurte vorn mit Gurtstraffer, höhenverstellbar, Sitz vorn links höhenverstellbar, Sitzbezug / Polsterung: Stoff, Sonnenblende links mit Spiegel, Sonnenblende rechts mit Spiegel, Stahlfelgen 6x15, Türgriffe außen Wagenfarbe, Verbandkasten und Warndreieck, Warnanlage für Sicherheitsgurte vorn, Wärmeschutzverglasung grün getönt (seitlich / hinten)"
Opel Insignia Cosmo,€ 2.599,189931,Benzin,132 kW,Schaltgetriebe,04/2009,Dealer,"Sonderausstattung: Audiosystem CD 300 MP3 (Radio/CD-Player MP3-fähig) Heckscheibenwischer LM-Felgen 8,5x19 (10-Speichen-Design) Metallic-/Mineraleffekt-Lackierung Parkpilotsystem vorne und hinten Lederausstattung mit Sitzheizung und Sitzkühlung Serienausstattung: Airbag Fahrer-/Beifahrerseite Aktive Kopfstützen vorn Anti-Blockier-System (ABS) Antriebsart: Frontantrieb Audiobedienung am Lenkrad Ausstiegsleuchten Außenspiegel elektr. verstell- und heizbar und manuell anklappbar Außenspiegel Wagenfarbe Bi-Xenon-Scheinwerfer mit adaptiver Lichtverteilung (AFL) Bordcomputer Bremsassistent Einstiegsleisten (Chrom) Elektr. Bremskraftverteilung (EBD) Elektron. Stabilitäts-Programm (ESP) Elektron. Traktionskontrolle Fensterheber elektrisch vorn + hinten Fensterzierleisten Edelstahl / Chrom Feststellbremse elektrisch Geschwindigkeits-Regelanlage (Tempomat) Innenausstattung: Dekorleisten Holz Kibo Isofix-Aufnahmen für Kindersitz an Rücksitz Karosserie: 5-türig Klimaautomatik 2-Zonen Kopf-Airbag-System Kopfstützen hinten (3-fach) Lenkrad (Leder) Lenksäule (Lenkrad) verstellbar Mittelarmlehne hinten Mittelarmlehne vorn Rücksitz geteilt / klappbar Seitenairbag vorn Wärmeschutzverglasung Zentralverriegelung mit Fernbedienung Seitenwand hinten rechts beschädigt Verkauf an Händler oder Export"
Volkswagen T-Cross 1.0TSI Life+KLIMA+PDC+SHZ+BLUETOOTH,€ 15.900,30242,Benzin,70 kW,Schaltgetriebe,12/2022,Dealer,"Getriebe Schaltgetriebe Technik Bordcomputer Start-Stop-Automatik Assistenten Müdigkeitserkennung Regensensor Fernlichtassistent Lichtsensor Notbremsassistent Berganfahrassistent Spurhalteassistent Abstands-/Kollisionswarner Komfort Klimaanlage Servolenkung Zentralverriegelung Elektrischer Fensterheber Sitzheizung Elektrische Aussenspiegel Teilbare Ruecksitzlehne Multifunktionslenkrad Innenspiegel autom. abblendbar Mittelarmlehne Innenraumfilter Lenksaeule einstellbar ParkDistanceControl vorne und hinten Lederlenkrad Umklappbarer Beifahrersitz Geschwindigkeitsbegrenzungsanlage Funkfernbedienung Sicht LED-Rueckleuchten Aussenspiegel beheizbar Privacyverglasung Sicherheit ABS Airbag Beifahrer-Airbag Wegfahrsperre Seitenairbags ESP Antriebsschlupfregelung Reifendruckkontrolle Traktionskontrolle Kopfairbag Kindersitzbefestigung Anhängerstabilisierung Notrufsystem Notrad Isofix Beifahrersitz Airbag hinten Entertainment Radio USB-Anschluss MP3 Bluetooth Freisprecheinrichtung DAB Touchscreen Musikstreaming Qualität Garantie Sonstiges Katalysator Alufelgen Dachreling Gepaeckraumabdeckung Allwetterreifen Reserverad Antriebs-Schlupfregelung (ASR) Start/Stop-Anlage Bluetooth-Schnittstelle für Mobiltelefon Lenksäule (Lenkrad) mechan. verstellbar Höhen-/Längsverstellung USB-Anschlüsse (2) für 2.Sitzreihe (nur Ladefunktion) Dachreling Geschwindigkeits-Begrenzeranlage Automatische Fahrlichtschaltung (ALS) mit Leaving Home / Coming-Home-Lichtfunktion Radioempfang digital (DAB+) Notrufsystem Heckleuchten LED Lenkrad (Leder) mit Multifunktion Schadstoffarm nach Abgasnorm Euro 6d Klimaanlage Innenraumfilter: Staub- und Pollenfilter Einparkhilfe vorn und hinten Zentralverriegelung mit Fernbedienung Isofix-Aufnahmen für Kindersitz an Beifahrersitz und Rücksitz (inkl. i-Size-Kindersitze) Außenspiegel elektr. verstell- heiz- und anklappbar mit Spiegelabsenkung rechts Sitzbezug / Polsterung: Stoff Triangle Ties Sonnenblende rechts mit Spiegel Elektron. Stabilitäts-Programm (ESP) Bremsassistent ASR/ABS EDS Anhängerstabilisierung MSR LM-Felgen 6 5x17 (Manila schwarz glanzgedreht) Mittelarmlehne vorn Sitze vorn höhenverstellbar Sonnenblenden mit Spiegel Reserverad als Notrad (gewichts- und platzsparend) Sonderlackierung Pure-White Verglasung hinten abgedunkelt (75%) Scheibenwischer mit Regensensor Anti-Blockier-System (ABS) Zentralverriegelung Getriebe 5-Gang Servolenkung Wegfahrsperre (elektronisch) Fensterheber elektrisch vorn und hinten Funkschlüssel (2) klappbar Reifenkontroll-Anzeige Gepäckraumbeleuchtung Airbag Fahrer-/Beifahrerseite Beifahrerairbag abschaltbar Gepäckraumabdeckung / Rollo Kopf-Airbag-System vorn und hinten inkl. Seitenairbag vorn Motor 1 0 Ltr. - 70 kW TSI Rücksitzbank ungeteilt verschiebbar Lehne geteilt klappbar Audiosystem Composition (USB Bluetooth Touchscreen-Farbdisplay) Multimedia-Schnittstelle 2 x USB (Typ C) vorn und 2 x USB-Ladeanschluß (Typ C) Mittelkonsole hinten Anhänger-Stabilisierungs-Programm Antriebsart: Frontantrieb Außenspiegel lackiert Außenspiegel und Türgriffe außen in Wagenfarbe Ausstattung Comfortline / Life / Business Ausstattungs-Paket: Licht + Sicht Beifahrersitz umklappbar Berg-Anfahr-Assistent Bremsassistent City-Notbremsfunktion Drehzahlmesser Elektron. Differentialsperre (EDS) Elektron. Stabilitäts-Programm (ESP) Fensterzierleisten schwarz Fernlichtregulierung (Light Assist) Fußgängererkennung Gepäckraumboden doppelt und herausnehmbar Handbremshebelgriff Leder Innenspiegel mit Abblendautomatik Lautsprecher (2) Mobile Online Dienste Vorbereitung We Connect und We Connect Plus Müdigkeitserkennung Multifunktionsanzeige Plus Nichtraucher-Paket Schalt-/Wählhebelgriff Leder Sitzhöhenverstellung Sitzhöhenverstellung Fahrersitz Spurassistent (lane assist) Umfeldbeobachtungssystem (Front assist) mit City-Notbremsfunktion Warnanlage für Sicherheitsgurte vorn und hinten Änderungen, Zwischenverkauf und Irrtümer vorbehalten. Autokäufe und Lieferungen jederzeit möglich. Wir beraten Dich telefonisch, im Live-Videocall, per E-Mail und im Chat! Kontaktiere uns gerne über das Kontaktformular oder über www.kamux.de. Wir setzen uns dann schnellstmöglich mit Dir in Verbindung. Gerne kannst du uns auch direkt anrufen. • Geprüfte Qualität • • Deutschlandweite Lieferung • • Probefahrt jederzeit möglich • • Attraktive Finanzierungskonditionen • • 12 Monate Gewährleistung • Deinen Gebrauchten nehmen wir gerne in Zahlung - Schau vorbei! Mehr Infos unter www.kamux.de Änderungen, Irrtümer und Zwischenverkauf vorbehalten!"
Opel Corsa C 1.2 Radio Klima **Kein TÜV** EXPORT,€ 690,217267,Benzin,55 kW,Schaltgetriebe,01/2002,Dealer,"Wir empfehlen vor der Besichtigung einen Termin telefonisch zu vereinbaren unter: Tel: 03043603003 WhatsApp: 015731440644 E-Mail: team@whitestoneautohaus.de Verkauf erfolgt ausschließlich an GEWERBE / HANDEL / EXPORT HU/AU (TÜV) ist abgelaufen !!! Ausstattungsdetails: 5 - Gang Schaltgetriebe Klimaanlage Radio Elektr. Fensterheber vorn Außenspiegel elektr. verstellbar Motor 1, 2 Ltr - 16V 55 KW Anti-Blockier-System (ABS) Schalt-/Wahlhebel Leder Stoffsitze Zentralverrieglung mit Fernbedienung 3. Bremsleuchte Airbag Fahrer-/Beifahrerseite Drehzahlmesser Lenksäule (Lenkrad) verstellbar Verkauf erfolgt ausschließlich an GEWERBE / HANDEL / EXPORT Öffnungszeiten: Mo. bis Fr. von 09.00 bis 18.00 Uhr Sa. von 08.00 bis 14:00 Uhr Außerhalb der Öffnungszeiten Samstag / Sonntags nur nach telefonischer Absprache (kein Verkauf, nur Besichtigung). Alle Angaben ohne Gewähr!!! Die im Internet gemachten Angaben sind trotz großer Sorgfalt, unverbindliche Beschreibungen, sie stellen keine zugesicherten Eigenschaften dar. Aufgeführte Ausstattungen sind gegebenenfalls gesondert zu prüfen. Der Verkäufer haftet nicht für Tipp- oder Datenübermittlungsfehler. Änderungen, Irrtümer und Zwischenverkauf vorbehalten."
Citroen Grand C4 Picasso Grand C4 1.6 HDI Picasso Exclusive,€ 2.999,165000,Diesel,80 kW,Automatik,01/2009,Dealer,"Sonderausstattung: Metallic-Lackierung, Sitzheizung vorn Weitere Ausstattung: Airbag Fahrer-/Beifahrerseite, Audiosystem RCD 4 (Radio/CD-Player MP3-fähig) mit 6 Lautsprecher, Außenspiegel anklappbar, beide, Bordcomputer, Dachreling (Aluminium), Duftspender integriert, Einparkhilfe hinten, Einschaltautomatik für Fahrlicht, Fensterheber elektrisch hinten, Frontscheibe wärmedämmend, Gepäcknetz an Vordersitzlehne, Gepäckraumabdeckung / Rollo, Gepäcksicherungsnetz, Heckscheibe aufstellbar, Heckscheibe heizbar, Innenspiegel mit Abblendautomatik, Isofix-Aufnahmen für Kindersitz an Rücksitz, Karosserie: 5-türig, Klimaautomatik, Knieairbag Fahrerseite, Kopf-Airbag-System, Kopf-Airbag-System hinten, Lendenwirbelstütze Sitz vorn links, verstellbar, Lenksäule (Lenkrad) mech. höhen-/längsverstellbar, LM-Felgen, Motor 1,6 Ltr. - 80 kW 16V HDi FAP, Multi-Funktions-Display Farbe, Seitenairbag vorn, Seitenschutzleisten Wagenfarbe, Sitz vorn links höhenverstellbar, Sitz vorn rechts höhenverstellbar, Sitzausstattung: 7-Sitzer, Sitzbezug / Polsterung: Velours, Sonnenschutzrollo an Heckscheibe, Sonnenschutzrollo an Seitenscheiben hinten, Sonnenschutzrollo an Türscheiben hinten, Zierleiste Stoßfänger verchromt"
Ford Fusion 1.4 Viva TÜV 08-2025 Klima 5-Türer,€ 1.250,105852,Benzin,59 kW,Schaltgetriebe,04/2004,Dealer,"Verkauft nur an Export oder Gewerbetreibende ohne Gewährleistung. Der Preis ist ein Festpreis! Die Handbremse ist ohne Funktion. Die Stoßstange hinten links ist Beschädigt. Diverese kleine Roststellen. Die Hinterachse ist vor 2 Jahren erneuert worden. Bitte vor jeder Besichtigung telefonisch unter 0179-6915266 einen Termin vereinbaren, da einige Fahrzeuge in geschlossenen Räumlichkeiten abgestellt sind. Unsere Öffnungszeiten sind von Montag bis Freitag 08.00-19.00 Uhr + Samstags bis 15.00 Uhr Für die Besichtigung / Probefahrt können wir Ihnen eine Hebebühne und Rote Kennzeichen zu Verfügung stellen, allerdings nur nach telefonischer Absprache. Besichtigung auch Feiertags möglich, machen Sie einen Termin mit uns aus. Anfahrt nur über die Saarstr.60 in 55743 Idar-Oberstein. Bitte keine E-Mails schicken, solange das Fahrzeug inseriert ist, ist es auch verfügbar!!!! Gerne nehmen wir Ihr Fahrzeug zu fairen Konditionen Inzahlung. Garantie gegen Aufpreis möglich. Finanzierung mit unserer Hausbank möglich. Bei weitern Fragen bitte Anrufen. Weitere Dienstleistungen wie z.B. Inspektion, Garantie, Kurzzeitkennzeichen oder andere Serviceleistungen gegen Aufpreis möglich. Alle Angaben in diesem Angebot zur Fahrzeugausstattung und Beschreibung sowie Technische Angaben sind ohne Gewähr. Unverbindliches Angebot. Änderungen, Eingabefehler, Irrtümer und Zwischenverkauf vorbehalten. Diese Anzeige wurde sorgfältig erstellt. Dennoch können wir keine Gewähr für die Fehlerlosigkeit der Angaben machen. Sofern Sie bestimmte Punkte interessieren, setzen Sie sich bitte mit uns in Verbindung. Wir hoffen unser Angebot sagt Ihnen zu und würden uns freuen,Sie als Kunden gewinnen zu können. Siehe Bilder. Wir nehmen auch gerne Ihren Gebrauchten in Zahlung oder kaufen ihn gerne gegen Bar! Irrtümer und Änderungen vorbehalten!!!"
Skoda Octavia 1.8 TSI Elegance Leder Klimaautomatik Sitzhzg,€ 3.900,153413,Benzin,118 kW,Schaltgetriebe,10/2009,Dealer,"Freuen Sie sich auf diesen wunderschönen Skoda Octavia Limo Deutsches Fahrzeug 2 Vorbesitzer Scheckheftgepflegt Rauch-& Tier frei Aufgrund des Alters bevorzugt an Gewerbetreibende oder in den Export zu verkaufen Seitenwand hinten links schlecht lackiert Sonderausstattung Audiosystem Bolero (Radio/CD Bluetooth-/USB-Schnittstelle, MP3-fähig) Heckscheibenwischer Metallic-Lackierung Sitzbezug / Polsterung: Alcantara/Leder Serienausstattung Airbag Beifahrerseite abschaltbar Airbag Fahrer-/Beifahrerseite Anti-Blockier-System (ABS) Antriebs-Schlupfregelung (ASR) Außenspiegel elektr. anklappbar Außenspiegel elektr. verstell- und heizbar Außenspiegel Wagenfarbe Bremsassistent Durchladeeinrichtung (Mittelarmlehne hinten) Einparkhilfe hinten Elektron. Stabilitäts-Programm (ESP) Elektron. Differentialsperre (EDS) Fahrassistenz-System: Berganfahr-Assistent (Hill-Holder) Fensterheber elektrisch hinten Fensterheber elektrisch vorn Fernbedienung für Zentralverriegelung Geschwindigkeits-Regelanlage (Tempomat) Getriebe 6-Gang Gurtstraffer Innenraumfilter: Staub- und Pollenfilter mit Aktivkohlefilter Isofix-Aufnahmen für Kindersitz Karosserie: 4-türig Klimaanlage Climatronic 2-Zonen Handschuhfach mit Kühlfunktion Kopf-Airbag-System Kopfstützen hinten Kopfstützen vorn Lendenwirbelstütze Sitz vorn links Lendenwirbelstütze Sitz vorn rechts Lenkrad (Leder - 4-Speichen) Lenksäule (Lenkrad) verstellbar (vertikal / axial) LM-Felgen Mittelarmlehne vorn mit Ablagefach klimatisiert (Jumbo-Box) Motor 1,8 Ltr. - 118 kW 16V TSI Multifunktionsanzeige Maxi-DOT Display Außentemperaturanzeige Nebelscheinwerfer Plus-Paket Lichtassistent (Coming Home, Leaving Home) Fahrassistenz-System: Einschaltautomatik für Fahrlicht (Fahrlichtassistent) Tagfahrlicht Scheibenwischer mit Regensensor Innenspiegel mit Abblendautomatik Reifendruck-Kontrollsystem Reserverad in Fahrbereifung Rücksitzbank klappbar 1/3-2/3 Schadstoffarm nach Abgasnorm Euro 5 Schalt-/Wählhebelgriff Leder Seitenairbag vorn Seitenschutzleisten Wagenfarbe Servolenkung Sicherheitsgurte vorn höhenverstellbar Sitz vorn links höhenverstellbar Sitz vorn rechts höhenverstellbar Sitzheizung vorn Stoßfänger Wagenfarbe Türgriffe außen Wagenfarbe Warnanlage für Sicherheitsgurt, Fahrerseite Wärmeschutzverglasung getönt Zentralverriegelung Farben & Interieur Lackfarbe: Anthracite-Grau Metallic Innenausstattung: Onyx Polsterfarbe: Onyx Polstermaterial: Sitzbezüge in Leder/Stoff Kontaktperson: Herr Stephan Steurer Tel.: 07307-800990 E-Mail: info@steurerauto.de ________________________________________ Finanzierung ohne Anzahlung bis zu 96 Monate möglich. Unser Verkaufsteam unterbreitet Ihnen gerne weitere Angebote bzgl. einer günstigen Finanzierung des gewünschten Wagens oder der Inzahlungnahme Ihres Altfahrzeugs und hilft Ihnen jederzeit schnell und kompetent bei der Klärung aller Fragen. Wir freuen uns auf Ihren Anruf oder Ihre Emai"
Ford S-Max Titanium*Automatik*Navi*SZH*PDC vo+hi*Bi-Xenon*,€ 3.999,228805,Diesel,120 kW,Automatik,10/2010,Dealer,"Sonderausstattung: Audio-Navigationssystem Ford Plus mit Touchscreen-Farbdisplay (7 Zoll) Bi-Xenon-Scheinwerfer mit Abbiegelicht Fahrassistenz-System: Berganfahr-Assistent (Hill-Holder) Gepäckraum-Abtrennung (Netz) Gepäcksicherungsnetz Metallic-Lackierung Parkpilotsystem vorn und hinten Traveller-Paket Verglasung hinten abgedunkelt (Privacy Glass) Serienausstattung: Anti-Blockier-System (ABS) Antriebs-Schlupfregelung (ASR) Außenspiegel elektr. verstell- und heizbar Außenspiegel Wagenfarbe Außentemperaturanzeige Blinkleuchte in Außenspiegel integriert Bodenleuchte im Außenspiegel Bordcomputer Brillenfach in Dachhimmel / Dachkonsole integriert Check-Control-System Dachhimmel Stoff Dachkonsole mit grossem Ablagefach und Zusatzspiegel Dimmer Instrumentenbeleuchtung Einstiegschienen vorn Elektr. Bremskraftverteilung (EBD) Elektron. Stabilitäts-Programm (ESP) Entfall 3.Sitzreihe Fahrassistenz-System: Notbrems-Assistent Farbdisplay für Bordcomputer und Zeituhr Fensterheber elektrisch hinten Fernbedienung für Zentralverriegelung Flexibles Sitzsystem FFS Frontscheibe Solar-Reflect Fußmatten Teppich Gepäckraumabdeckung / Rollo Gepäckraummatte, Unterseite mit Kunststoffbeschichtung Geschwindigkeits-Regelanlage (Tempomat) Getriebe 6-Gang - PowerShift Typ: MPS 6 Getränkehalter vorn Handbremshebelgriff Leder Innenraumfilter: Staub- und Pollenfilter Innenspiegel mit Abblendautomatik Intelligent Protection System (IPS) Isofix-Aufnahmen für Kindersitz Karosserie: 5-türig Kindersicherung elektrisch Klimaautomatik 2-Zonen Lendenwirbelstütze Sitz vorn rechts Lenkrad (Leder) mit Multifunktion Lenksäule (Lenkrad) höhen-/längsverstellbar LM-Felgen Luftdüsen im Fond Mittelkonsole mit Armlehne Motor 2,0 Ltr. - 120 kW TDCi KAT Nebelscheinwerfer Raucher-Paket Reifen-Reparaturkit Schadstoffarm nach Abgasnorm Stage 5 / Euro 5 Schalt-/Wählhebelgriff Leder Sitz vorn links elektr. höhenverstellbar Sportsitze Steckdose (12V-Anschluß) im Koffer-/Laderaum Tagfahrlicht Türgriffe außen Wagenfarbe Wegfahrsperre Winter-Paket Zentralverriegelung Zusatzheizung"
Audi A3 1.8 Attraction *KLIMAAUTOMATIK*SZHZ*TÜV-02/26,€ 2.799,109769,Benzin,92 kW,Schaltgetriebe,09/2002,Dealer,"Weitere Fotos, Details und Top Angebote finden Sie unter www.myautocenter.de MYAUTOCENTER bietet Ihnen einen Gebrauchtwagen INFORMATION Audi A3 TÜV bis 02/2026 Sitzheizung vorn Klimaautomatik Letzte Inspektion bei 109000 KM 02/2025 Scheckheft Vorhanden VIN: WAUZZZ8LX3A031929 HSN: 0588 // TSN: 637 2x KFZ-Schlüssel Sonderausstattung: Außenspiegel elektr. verstellbar beide, Klimaautomatik, Sitzheizung vorn, elektr. Fensterheber vorne Weitere Ausstattung: Die Fahrzeugbeschreibung dient lediglich der allgemeinen Identifizierung des Fahrzeuges und stellt keine Gewährleistung im kaufrechtlichen Sinne dar. Die Angaben erheben nicht den Anspruch auf Vollständigkeit. Die gemachten Angaben/ Beschreibungen und Bildern sind unverbindlich und dienen nicht als zugesicherte Eigenschaften. Der Verkäufer übernimmt keine Haftung/ Gewährleistung für Tipp- und Datenübermittlungsfehler. Ausstattungen/km Stand/ Baujahr/Mängel/Probleme/Unfälle/Optik/Verschleiß/Daten ect. sind ggfs. gesondert zu prüfen. Dieser günstige Kaufpreis ist bevorzugt kalkuliert für Interessenten, die ein eigenes Gewerbebetreiben, anderweitig Selbstständig sind, oder exportieren ins Ausland, bei Privatkauf kommen Kosten für eine Gebrauchtwagen Garantie dazu. Sämtliche Angaben zu den inserierten Fahrzeugen sind unverbindlich. Irrtümer, Schreibfehler und Zwischenverkauf vorbehalten."
"MINI Cooper Cabrio Leder,Navi,Xenon,SH,PDC,SR+WR",€ 6.400,108700,Benzin,90 kW,Schaltgetriebe,04/2010,Dealer,"VIN NR: WMWZN31020TY83121 4.Hand, Scheckheftgepflegt, 8 fach bereift!!! Sonderausstattung: Ausstattungs-Paket: Chili Ausstattungs-Paket: MINIMALISM Always-Open-Timer Sitzheizung vorn Audio-Navigationssystem Professional, CD-Wechsler Xenon Scheinwerfer Park-Distance-Control (PDC) Airbag Beifahrerseite abschaltbar Blinkleuchten Weiß Innenausstattung: Interieur-Oberfläche Piano Black Metallic-Lackierung Multifunktion für Lenkrad Raucher-Paket Reifensystem Run-Flat (mit Notlaufeigenschaften) Scheibenwaschdüsen und Außenspiegel beheizt Verdeckbetätigung vollautomatisch Windschutz (Cabrio) Weitere Ausstattung: Airbag Fahrer-/Beifahrerseite Auspuffanlage (1-Rohr-Anlage) mit Blende Außenspiegel elektr. verstellbar Bremsassistent Drehzahlmesser Elektron. Bremskraftverteiler Getränkehalter vorn und hinten Isofix-Aufnahmen für Kindersitz an Rücksitz Karosserie: 2-türig Lenksäule (Lenkrad) mechan. verstellbar Motor 1,6 Ltr. - 90 kW 16V KAT Nebelschlussleuchte integriert Rücksitzlehne geteilt/klappbar Schadstoffarm nach Abgasnorm Euro 5 Schaltpunktanzeige Seitenairbag vorn Verdeck schwarz Verglasung grün getönt Wärmeschutzverglasung getönt"
Volkswagen Golf VI Highline R-Line / Inkl. Garantie,€ 6.990,161594,Benzin,90 kW,Schaltgetriebe,05/2011,Dealer,"12 Monate Garantie im Preis inkl. !! HU/AU bis 11/2026 beim Kauf ( auf Wunsch ) NEU !! Komplette Inspektion NEU !! Euro5 Nichtraucherwagen Altersbedingte Gebrauchsspuren Technisch sehr guter Zustand Ankauf oder Inzahlungnahme Ihres Gebrauchtwagen Besichtigung auch am Sonn. und Feiertagen nach Absprache möglich Handynummer: 0174/ 9719684 Finanzierung über unsere Hausbank möglich !! Sonderausstattung: Audiosystem RCD 510 (Radio/CD-Wechsler 6-fach, 8 Lautsprecher, Touchscreen, SD-Karten-Schnittstelle), Fensterheber elektrisch vorn und hinten, Multimediabuchse MEDIA-IN, Perleffekt-Lackierung, R-Line-Paket Exterieur Volkswagen Individual / Exclusive, R-Line-Paket Interieur Plus Volkswagen Individual / Exclusive, Schiebedach elektrisch (Glas), Verglasung hinten abgedunkelt (65 %) Weitere Ausstattung: 3-Punkt-Sicherheitsgurt hinten mitte, Ablagefach mit Klappe am Dachhimmel, Airbag Beifahrerseite abschaltbar, Airbag Fahrer-/Beifahrerseite, Außenspiegel asphärisch, links, Außenspiegel elektr. verstell- und heizbar, Außenspiegel lackiert, Außenspiegel mit autom. Absenkfunktion, rechts, Blinkleuchte in Außenspiegel integriert, Bremsassistent, Chrom-Paket 2, Doppeltonhorn, Durchladeeinrichtung (Mittelarmlehne hinten), Einparkhilfe vorn und hinten, Elektron. Differentialsperre (EDS), Fahrassistenz-System: Berganfahr-Assistent, Frontscheibe Verbundglas getönt, Fußmatten Textil, Gepäckraumabdeckung / Rollo, Gepäckraumbeleuchtung, Handbremshebelgriff Leder, Handschuhfach mit Kühlfunktion, Heckleuchten dunkel getönt, Heckscheibenwischer, Innenausstattung: Dekoreinlagen Chrom matt, Innenraumfilter: Staub- und Pollenfilter, Innenspiegel abblendbar, Isofix-Aufnahmen für Kindersitz an Rücksitz, Karosserie: 4-türig, Klimaanlage Climatronic 2-Zonen, Knieairbag Fahrerseite, Kopfstützen hinten (3-fach), Lendenwirbelstützen vorn, Lenksäule (Lenkrad) mechan. verstellbar, Höhen-/Längsverstellung, Leseleuchten vorn und hinten, Motor 1,4 Ltr. - 90 kW 16V TSI (1390 ccm), Multifunktionsanzeige Plus, Nebelschlussleuchte, Nichtraucher-Paket, Reifen-Reparaturkit (Tire Mobility Set), Rücksitz geteilt / klappbar, Schadstoffarm nach Abgasnorm Euro 5, Schalt-/Wählhebelgriff Leder, Scheibenwischer mit Intervallschaltung, regulierbar, Seitenairbag vorn mit Kopf-Airbag-Einheit, Sicherheitsgurte vorn mit Gurtstraffer, höhenverstellbar, Sitz vorn links höhenverstellbar, Sitz vorn rechts höhenverstellbar, Sitze: Sportsitze, Sonnenblende links mit Spiegel (beleuchtet), Sonnenblende rechts mit Spiegel (beleuchtet), Steckdose 12V im Koffer-/Laderaum, Taschenhaken im Gepäckraum, Türgriffe außen Wagenfarbe, Verbandkasten und Warndreieck, Warnanlage für Sicherheitsgurte vorn Irrtümer, Tippfehler und Zwischenverkauf vorbehalten"
Opel Crossland 1.2 Business Elegance Navi+LED+R-Kam+AGR+,€ 13.980,28498,Benzin,81 kW,Schaltgetriebe,12/2021,Dealer,"JETZT ONLINE VERKAUF MÖGLICH!!! Unser Verkaufsteam ist natürlich auch Mobil und über WhatsApp erreichbar unter: +4917631310512 Bastian Jahnke  -  +4917631310632 Hasib Salehi  -  +491727779801 Mustafa Kaya  -  +491627442944 Sadaf Aycicek  - +491736886654 Enes Deniz -  +491736886452 Erik Künzler -  +49162/7442674 Youness Akanjour Wir sind telefonisch, per E-Mail sowie per WhatsApp erreichbar. Sollten Sie ein Fahrzeug bei uns entdeckt haben, können wir Ihnen das Fahrzeug virtuell mit XXL-Bildern sowie live Videos vorstellen. Die Fahrzeugangebote bzw. Finanzierungsangebote erfolgen digital und unkompliziert. Für eventuelle Rückfragen können Sie uns selbstverständlich jederzeit kontaktieren. Auch eine Vorabeinschätzung der Inzahlungnahme für Ihr Fahrzeug ist auf Wunsch möglich. Dahingehend wäre eine Weitergabe der Fahrgestell-Nummer, Erstzulassung sowie der aktuelle Kilometer-Stand wünschenswert. Vor Ihrem Besuch genügt ein kurzer Anruf und wir stellen sicher, dass ihr Wunschfahrzeug auch vor Ort ist und für die Probefahrt bereitsteht. Da ansonsten eine zweite Anreise oder es zu einer längeren Wartezeit kommen kann. Die Angaben zur Serienausstattung, Lieferumfang, technischer Daten und Material sind unverbindlich. Änderungen, Zwischenverkauf und Irrtümer vorbehalten. - Über 25 Jahre Erfahrung - Riesenauswahl, mehr als 750 Fahrzeuge für Sie im Bestand - Neu-, Tages-/Kurzzulassungen, Jahres-Gebrauchtwagen - Probefahrten jederzeit möglich - Inzahlungnahme zu fairen Preisen - Attraktive Finanzierungs- und Leasingangebote auch ohne Anzahlung möglich. - Bundesweiter Zulassungsservice - TÜV täglich im Haus. Geprüfte Qualität: Zertifiziertes TÜV-Prüfhaltestelle - 12 Monate Gewährleistung. Garantie auf Wunsch 12-24 Monaten gemäß GW-Bed. - Deutschlandweite Lieferung bis vor die Haustür Großer Ersatzwagenfuhrpark Besuchen Sie unsere prämierte Homepage: www.autohaus-inoglu.de Wir stehen über 25 Jahren in der Opel-Automobilstadt Rüsselsheim für höchste Kundenzufriedenheit. Serien-Ausstattung: Airbag Fahrer-/Beifahrerseite Ambiente-Beleuchtung Mittelkonsole Anti-Blockier-System (ABS) Antriebsart: Frontantrieb Armlehne vorn links Audio-Navigationssystem Multimedia Navi Pro Freisprecheinrichtung (Bluetooth) mit Sprachsteuerung USB-Schnittstelle vorn (2-fach) Audiobedienung am Lenkrad Bordcomputer Bremsassistent DAB-Tuner (Radioempfang digital) Dach Wagenfarbe Dach, Design-Ausführung (Chrom) Einstiegsleisten mit Schriftzug Elektron. Stabilitäts-Programm (ESP) Ergonomiesitz vorn links Fahrassistenz-System: Autonomer Notbrems-Assistent mit Frontkollisionswarnung und Fußgängererkennung Fahrassistenz-System: Notbrems-Assistent Fahrassistenz-System: Frontkollisionswarnung Fahrassistenz-System: Fußgängererkennung Fahrassistenz-System: Müdigkeitserkennungs-Sensor Fahrassistenz-System: Berganfahr-Assistent (HSA, Hill Start Assist) Fahrassistenz-System: Spurverlassenswarnung Fahrassistenz-System: Verkehrszeichenerkennung Fensterheber elektrisch vorn und hinten, One-Touch-Funktion Geschwindigkeits-Regelanlage (Tempomat) Getriebe 6-Gang Induktionsladeschale für Smartphone (Wireless Charging) Karosserie: 5-türig Klimaautomatik 2-Zonen Kopf-Airbag-System Kopfstützen hinten (3-fach) Lenkrad (Leder 3-Speichen) LM-Felgen Mittelarmlehne vorn Modellpflege Motor 1,2 Ltr. - 81 kW Opel Connect Otto-Partikelfilter (OPF) Radstand 2604 mm Reifendruck-Kontrollsystem Rückfahrkamera mit 180° Umgebungsansicht Rücksitz geteilt / klappbar Schadstoffarm nach Abgasnorm Euro 6d Scheinwerfer LED Eco Seitenairbag vorn Sicht-Paket Einschaltautomatik für Fahrlicht mit Tunnelerkennung Einschaltautomatik für Fahrlicht Fahrassistenz-System: Fernlichtassistent Scheibenwischer mit Regensensor Leseleuchten im Fond Innenspiegel mit Abblendautomatik Sonnenblenden mit Spiegel (beleuchtet) Start/Stop-Anlage Tagfahrlicht LED Unterfahrschutz-Optik, vorn und hinten (Silber) Wegfahrsperre Fahrzeugversicherung: unabhängig, fair und preiswert! Haftpflicht, Teilkasko und Vollkasko . Meisterwerkstatt : Reparatur und Wartung. TÜV täglich im Haus . Eine Besichtigung und Probefahrt ist nach Absprache auch außerhalb der Öffnungszeiten möglich. Günstige und professionelle Lieferung deutschlandweit. Profitieren Sie von mehr als 25 Jahren Erfahrung und mehr als 45.000 verkauften Fahrzeugen . Haben Sie noch Fragen, oder Anregungen? Kontaktieren Sie uns gerne telefonisch, oder per Mail. In diesem Zuge können Sie Ihren persönlichen Beratungstermin vereinbaren ."
"Volkswagen Golf iV 1.4i Special, Klimaautom., erst 68 tkm !",€ 4.440,68000,Benzin,55 kW,Schaltgetriebe,05/2002,Dealer,"Kaufpreis-Finanzierung zu kleinen Raten möglich. Auch ohne Anzahlung. Individuell, flexibel und schnell, wir haben die Bank mit im Haus. Sonderausstattung: Batterie 60 Ah Frontscheibe mit Bandfilter oben Generator 90 A Klimaautomatik Motor 1,4 Ltr. - 55 kW 16V KAT (BCA) DAB-Radio mit Bluetooth Serien-Ausstattung: 3. Bremsleuchte Airbag Fahrer-/Beifahrerseite Anti-Blockier-System (ABS) Antriebsart: Frontantrieb Außenspiegel elektr. verstell- und heizbar, beide Blinkleuchten seitlich Diebstahl-Warnanlage Elektron. Stabilitäts-Programm (ESP) Fensterheber elektrisch vorn Fußmatten Textil Fzg. ohne Schiebedach Geräuschdämmung Motor Getriebe 5-Gang Heckscheibe heizbar Innenraumfilter: Staub- und Pollenfilter mit Aktivkohlefilter Karosserie: 2-türig Komfort-Paket Elektrik Kopfstützen hinten Kupplungsbetätigung hydraulisch Kühlung verstärkt Leuchtweitenregelung LM-Felgen 6x15 (Avus II) Mittelarmlehne hinten Multifunktionsanzeige / Bordcomputer Reifen 195/65 R15 ..T Reserverad in Fahrbereifung Rücksitzbank und/oder Lehne geteilt Scheinwerfer: Valeo Seitenairbag vorn Seitenschutzleisten Servolenkung Sicherheitsgurte mit Gurtstraffer Sitz vorn links höhenverstellbar Sitz vorn rechts höhenverstellbar Sondermodell Special Stoßfänger lackiert Wartung: Longlife-Service Wegfahrsperre (elektronisch) Wärmeschutzverglasung grün getönt Zentralverriegelung Sonstiges: Gepflegter Zustand, nicht perfekt, aber solide Rentnerfahrzeug Inspektion neu Inkl. 1 Jahr Basis-Gebrauchtwagen-Garantieversicherung gemäß den Konditionen des externen Anbieters. WhatsApp: 01796798727 Eine Inzahlungnahme Ihres Fahrzeugs ist möglich, egal wie groß und teuer, dabei ist der Zustand egal. Auch LKW, Krad, Womo und Quad. Finanzieren Sie Ihren ''Neuen''. Bartels-Automobile.de bietet Ihnen die Möglichkeit den Kaufpreis einfach und bequem in kleinen Raten zu finanzieren. Individuell, flexibel und schnell. Über die Hälfte unserer Kunden entscheidet sich für eine günstige Finanzierung. Sprechen Sie unsere Verkaufsberater an und lassen Sie sich ein maßgeschneidertes Angebot erstellen! Schauen lohnt, über 300 Fahrzeuge aller Klassen stehen sofort verfügbar auf unserem Betriebsgelände für Sie zur Probefahrt bereit. Trotz sorgfältiger Überprüfung der textlichen Fahrzeugbeschreibung, kommt es vor, dass sich Fehler einschleichen. Daher möchten wir Sie darauf hinweisen, dass sich alle Angaben ohne Gewähr verstehen und keinen Rechtsanspruch darstellen. Legen Sie besonderen Wert auf ein bestimmtes Ausstattungsmerkmal unserer Angebote, so teilen Sie uns dies gerne mit."
Volkswagen Golf Trendline,€ 5.300,122325,Benzin,59 kW,Schaltgetriebe,08/2009,Dealer,"Sonderausstattung: Audiosystem RCD 210 MP3 (Radio/CD-Player, 4 Lautsprecher) LM-Felgen 6,5x16 (Atlanta) Serienausstattung: 3-Punkt-Sicherheitsgurt hinten mitte Ablagefach am Dachhimmel Airbag Beifahrerseite abschaltbar Airbag Fahrer-/Beifahrerseite Antriebsart: Frontantrieb Außenspiegel asphärisch, links Außenspiegel elektr. verstell- und heizbar Außenspiegel lackiert Blinkleuchte in Außenspiegel integriert Bremsassistent Doppeltonhorn Einstiegshilfe Easy-Entry Elektron. Differentialsperre (EDS) Elektron. Stabilitäts-Programm (ESP) Fensterheber elektrisch vorn Frontscheibe Verbundglas getönt Gepäckraumabdeckung / Rollo Gepäckraumbeleuchtung Getriebe 5-Gang Handschuhfach mit Kühlfunktion Heckscheibenwischer Innenausstattung: Titan-Dekor Innenraumfilter: Staub- und Pollenfilter Innenspiegel abblendbar Isofix-Aufnahmen für Kindersitz an Rücksitz Karosserie: 2-türig Klimaanlage Climatic Knieairbag Fahrerseite Kopfstützen hinten (3-fach) Lenkrad (3 Speichen) Lenksäule (Lenkrad) mechan. verstellbar, Höhen-/Längsverstellung Leseleuchte Motor 1,4 Ltr. - 59 kW 16V Multifunktionsanzeige / Bordcomputer Nebelschlussleuchte Nichtraucher-Paket Reifen-Reparaturkit (Tire Mobility Set) Rücksitz geteilt / klappbar Schadstoffarm nach Abgasnorm Euro 5 Scheibenwischer mit Intervallschaltung, regulierbar Seitenairbag vorn mit Kopf-Airbag-Einheit Servolenkung elektronisch gesteuert (Servotronic) Sicherheitsgurte vorn mit Gurtstraffer, höhenverstellbar Sitz vorn links höhenverstellbar Sitzbezug / Polsterung: Stoff Sonnenblende links mit Spiegel Sonnenblende rechts mit Spiegel Tagfahrlicht Türgriffe außen Wagenfarbe Verbandkasten und Warndreieck Warnanlage für Sicherheitsgurte vorn Wegfahrsperre (elektronisch) Wärmeschutzverglasung grün getönt (seitlich / hinten) Zentralverriegelung Das Fahrzeug ist Optisch und Technisch in einem sehr guten Zustand, der Motor sowie Getriebe funktionieren einwandfrei, Probefahrten während unseren Geschäftszeiten möglich. Daviela Autohandel Geschäftszeiten: Montag-Freitag 9:30-17:30 Uhr Samstag 10-15 Uhr Oder einfach anrufen und Besichtigungstermin vereinbaren außer Geschäftszeiten. Geschäftsadresse: Sessenberg str.5 45139 Essen Tel. 0176 802 65 779 Gerne kaufen wir ihren Gebrauchtwagen an. Finanzierung auch ohne Anzahlung möglich oder ihre Altes Auto als Anzahlung für Finanzierung auch möglich. Auslieferung von gekaufte Auto ist gegen aufpreis möglich. Haben sie bitte Verständnis, falls E-Mails nicht beantwortet werden, rufen sie uns am besten an. Irrtümer , Zwischenverkauf, Druckhehler und Eingabefehler vorbehalten"
Dacia Sandero III Essential,€ 11.590,2150,Benzin,67 kW,Schaltgetriebe,12/2024,Dealer,"Weitere Ausstattung: Airbag Beifahrerseite, Airbag Fahrerseite, Audio-/Radio-Fernbedienung am Lenkrad, Audiosystem: Radio mit DAB+ (Media Control), Audiosystem: Radio mit DAB+ (USB-Anschluss, Bluetooth-Schnittstelle), Automatische Fahrlichtschaltung / Lichtsensor, Außenspiegel schwarz, Bordcomputer, Eco Mode (Fahrmodusschalter), Fahrassistenz-System: Berganfahr-Assistent (HSA), Fahrassistenz-System: Notbrems-Assistent, Fahrassistenz-System: Sicherheitssystem mit automatischem Notruf (ERA GLONASS / eCall), Fensterheber elektr. mit Impulsgeber links vorn, Geschwindigkeits-Begrenzeranlage, Isofix-Aufnahmen für Kindersitz an Rücksitz, Karosserie: 5-türig, Kombiinstrument mit Monochrom-Display 3,5 Zoll, Kopf-Airbag-System seitlich, Kopfstützen hinten mechan. verstellbar (3 Stück), Kühlergrill mit Emblem, Lenksäule (Lenkrad) höhenverstellbar, Modellpflege, Motor 1,0 Ltr. - 67 kW TCE KAT, Otto-Partikelfilter (GPF), Radioempfang digital (DAB+), Reifen-Reparaturset, Reifendruck-Kontrollsystem, Rücksitzbank (2.Reihe) geteilt, klappbar (1/3-2/3), Schadstoffarm nach Abgasnorm Euro 6e, Schaltpunktanzeige, Scheinwerfer Eco-LED, Seitenairbag vorn, Servolenkung elektrisch, Sitz vorn links höhenverstellbar, Sitzbezug / Polsterung: Stoff Essential, Start/Stop-Anlage, Stoßfänger Wagenfarbe, Telefonhalter und USB-Anschluss, Zentralverriegelung mit Fernbedienung (Zusatz für Hecktürentriegelung) Nur Händler-/Exportgeschäft oder Gewerbetreibende, Fahrzeug wird Ihnen geliefert, gebraucht wie besichtigt, unter Ausschluss jeglicher Garantie und Gewährleistung im Hinblick auf sichtbare und unsichtbare Mängel. Vorschäden wurden zu diesem Fahrzeug nicht ermittelt oder durch Gutachter festgehalten. Irrtümer, Änderungen, Ab- und Aussonderung von Fremdrechten vorbehalten! Das Fahrzeug wird als ein repariertes Unfallfahrzeug verkauf, nur dadurch ist dieser reduzierte Preis einzuräumen."
Ford Transit Kombi 2.2 TDCI 300 Trend Öl im Kühlwasser,€ 3.890,256789,Diesel,74 kW,Schaltgetriebe,06/2012,Dealer,"Achtung: Kein Verkauf an Privatkunden bei diesem KFZ möglich. Wird nur an Gewerbe oder zum Export verkauft ! Ehemalige unverbindliche Preisempfehlung des Automobilherstellers: 34.004 EUR Mängel: Öl im Kühlwasser Berganfahr-Assistent Airbag Fahrerseite Aussenspiegel elektr. verstell- und heizbar Geschwindigkeits-Regelanlage (Tempomat) Klimaanlage Verglasung getönt Airbag Beifahrerseite Anti-Blockier-System (ABS) Audio-/Radio-Fernbedienung am Lenkrad Audiosystem 6000 (Radio/CD-Player) Blinkleuchte in Aussenspiegel integriert Elektron. Differentialsperre (EDS) Elektron. Stabilitäts-Programm (ESP) Fenster im Lade-/FG-Raum: - feststehend - 3.Reihe links Fenster im Lade-/FG-Raum: - feststehend - 3.Reihe rechts Fensterheber elektrisch Frontscheibe heizbar Getriebe 6-Gang Heckflügeltüren mit Verglasung Lenkrad (Leder) Nebelscheinwerfer Russpartikelfilter Schiebetür Lade-/Fahrgastraum rechts Servolenkung Sitz-Paket 23: Fahrersitz (4-fach verstellbar) - Beifahrerdoppelsitz Sitz-Paket 8: 1. und 2. Reihe im Lade-/FG-Raum - 3er-Sitzbank herausnehmbar Sitze im Fahrerhaus: Fahrersitz höhenverstellbar Sitze im Fahrerhaus: Fahrersitz mit Lendenwirbelstütze Verkleidung im Lade-/FG-Raum: Vinyl Wegfahrsperre Zentralverriegelung Zentralverriegelung mit Fernbedienung 2. Batterie Antriebsart: Frontantrieb Bordcomputer Radiovorbereitung - 4 Lautsprecher Schadstoffarm nach Abgasnorm Stage 5 / Euro und 5 Sitze im Fahrerhaus: Fahrersitz heizbar Finanzierung bis zu 96 Monaten Laufzeit, auch ohne Anzahlung. Irrtum und Zwischenverkauf vorbehalten. Ausschlaggebend sind einzig und allein die Vereinbarung in der Auftragsbestätigung oder im Kaufvertrag."
Toyota Verso Life 2.2D 169tkm Kamera Navi Export Klimaautom *EX,€ 5.488,169000,Diesel,110 kW,Automatik,10/2011,Dealer,"Getriebe: Automatik Technik: Bordcomputer, Partikelfilter, Schaltwippen Assistenten: Berganfahrassistent Komfort: Klimaautomatik, Servolenkung, Zentralverriegelung, Elektrischer Fensterheber, Sitzheizung, Elektrische Aussenspiegel, Tempomat, Multifunktionslenkrad, Mittelarmlehne, Innenraumfilter, Lenksaeule einstellbar, Ambientebeleuchtung, Lederlenkrad, Geschwindigkeitsbegrenzungsanlage, Funkfernbedienung Sicht: Tagfahrlicht, LED-Rueckleuchten, Nebelscheinwerfer, Colorverglasung, Aussenspiegel beheizbar, Rückfahrkamera Sicherheit: ABS, Airbag, Beifahrer-Airbag, Wegfahrsperre, Seitenairbags, ESP, Reifendruckkontrolle, Traktionskontrolle, Kopfairbag, Knieairbag, Kindersitzbefestigung, Pannenkit Entertainment: Radio, Telefonvorbereitung, AUX-In, USB-Anschluss, MP3, Bluetooth, Freisprecheinrichtung Sonstiges: Katalysator, Anhaengerkupplung, Alufelgen, Gepaeckraumabdeckung, Stossfaenger in Wagenfarbe, Spoiler Weiteres: Reifendruck-Kontrollsystem, Geschwindigkeits-Regelanlage (Tempomat), Rußpartikelfilter, Rückfahrkamera, Schalt-/Wählhebelgriff Leder, Reifen-Reparaturkit, Knieairbag Fahrerseite, Heckleuchten LED, Dachspoiler, Getriebe Automatik - (6-Stufen), Mittelarmlehne vorn mit Staufach, LM-Felgen, Innenraumfilter: Staub- und Pollenfilter mit Aktivkohlefilter, Audiosystem: Multimedia Toyota Touch, Airbag Fahrer-/Beifahrerseite, Anti-Blockier-System (ABS), Lenkrad mit Schaltwippen, Nebelscheinwerfer, Servolenkung, Außenspiegel elektr. verstell- und heizbar, Wegfahrsperre, Kopf-Airbag-System, Gepäckraumabdeckung / Rollo, Lenksäule (Lenkrad) verstellbar, Seitenairbag, Multifunktionsanzeige, 5-Sitzer, Aktive Kopfstützen, Außenspiegel elektr. anklappbar, Außentemperaturanzeige, Beifahrerairbag abschaltbar, Berganfahrkontrolle (HAC), Blinkleuchte in Außenspiegel integriert, Bremsassistent, Dekoreinlagen Titan, Elektr. Bremskraftverteilung, ESP mit Schlupfregelung (VSC mit TRC), Fensterheber elektrisch vorn und hinten, Freisprechanlage Bluetooth, Geschwindigkeits-Begrenzeranlage, get?nte Seitenscheiben hinten, Handschuhfach mit Kühlfunktion, Isofix-Aufnahmen für Kindersitz, Klapptische, Klimaautomatik, Kopf-Airbag-System 3.Sitzreihe, Lederlenkrad, Leseleuchte, Leseleuchten im Fond, Motor 2,2 Ltr. - 110 kW D-4D KAT, Radio-Fernbedienung am Lenkrad, Sitzheizung vorn, Sitzhöhenverstellung, Sitzhöhenverstellung Fahrersitz, Tagfahrlicht, Türgriffe lackiert, Universal-Schnittstelle (USB-/ iPod-/ AUX-Anschluss), Wärmeschutzverglasung, Zierleisten Kühlergrill (Chrom), ZV mit Fernbedienung Änderungen, Zwischenverkauf und Irrtümer vorbehalten. Wir freuen uns, dass Sie sich für unser Angebot interessieren. Bei uns, bei den Fahrzeugmachern, können Sie Ihren Gebrauchtwagen bequem in Zahlung geben. Gerne erstellen wir Ihnen auch ein unverbindliches und passendes Finanzierungsangebot. Wir bieten Ihnen eine Vielzahl an Leistungen an, wie zum Beispiel die Möglichkeit einer unverbindlichen Probefahrt oder eine telefonische Beratung und Betreuung per E-Mail. Zudem bieten wir individuelle Finanzierungslösungen an und ermöglichen Ihnen virtuelle Touren oder Videochats mit unseren Verkäufern, um Ihr Wunschfahrzeug besser kennenzulernen. Vereinbaren Sie jetzt ganz unverbindlich einen Termin mit uns und lassen Sie sich von unserem Service überzeugen Bei den Fahrzeugmachern bieten wir Ihnen hochwertige Umbau- und Werkstattarbeiten an, wie z.B. die fachgerechte Montage von Anhängerkupplungen und Einparkhilfen. Wir stehen Ihnen gerne telefonisch zur Verfügung und freuen uns darauf, Sie persönlich während unserer Öffnungszeiten für Beratungen, Besichtigungen und Probefahrten begrüßen zu dürfen. Alle unsere Fahrzeuge werden vor der Übergabe sorgfältig in unserer hauseigenen Werkstatt überprüft, um Ihnen höchste Qualität zu garantieren. Bitte beachten Sie, dass wir keine Haftung für Irrtümer und Tippfehler übernehmen. Kontaktieren Sie uns jetzt, um Ihr Fahrzeug in besten Händen zu wissen."
Hyundai BAYON 1.0 T-GDI 48V-Hybrid Intro/Navi/Plus,€ 14.980,41790,Benzin,74 kW,Schaltgetriebe,07/2021,Dealer,"Standort des Fahrzeugs in der Filiale Bürstadt: • Autohaus Schläfer GmbH • Forsthausstr.14-16 • 68642 Bürstadt • 06206-95115-0 2 Hand (1 Hand Tageszulassung bei Autohaus Schläfer GmbH) Anhängerkupplung, abnehmbar: * Sleek Silver/ Phantom Black - Metallic * Dachlackierung in Phantom Black Navigations-Paket: geräuschreduzierende Frontscheibe 8 Lautsprecher inkl Subwoofer und Verstärker 10,25-Zoll-Farb-Touchscreen: * Bluelink-Telematikdienste BOSE Soundsystem: Lifetime MapCare™ LIVE Services Radio-Navigationssystem Plus-Paket: * LED-Rückleuchten (Brems- und Fahrlicht) * Statisches Abbiegelicht Sitzheizung vorne: 12-V-Steckdose vorne Digitaler Radioempfang (DAB+): * Fensterheber elektrisch hinten und vorne Apple CarPlay™ und Android Auto™: Bluetooth®-Freisprecheinrichtung USB-Anschluss Digitales Cockpit mit 10,25-Zoll-Farb-Display Drive Modes Farbige Applikationen Lenkrad in Leder Lenkrad mit Multifunktion Mittelarmlehne vorne mit Ablagefach, verschiebbar Servolenkung Zentralverriegelung mit schlüsselintegrierter Funkfernbedienung Beleuchtung Adaptives Bremslicht (ESS) Dachspoiler mit 3. Bremsleuchte Fernlichtassistent (HBA) LED-Tagfahrlicht Lichtsensor: * Assistenzsysteme Smart Sense * Aktiver Spurhalteassistent (LKA) * Anfahrhinweis Vorderfahrzeug (LVDA) * Aufmerksamkeitsassistent (DAW) * Autonomer Notbremsassistent (FCA) inkl * Frontkollisionswarner mit Fußgänger-/Fahrradfahrererkennung und * Abbiegefunktion (FCA-JT) Spurfolgeassistent (LFA): Alarmanlage Antiblockiersystem (ABS) mit elektronischer Bremskraftverteilung (EBV) Airbags Berganfahrassistent (HAC) Bremsassistent (BAS) Rückfahrkamera: * Elektronische Stabilitätskontrolle (ESC) * Elektronische Wegfahrsperre * Fahrdynamisches Stabilitätsmanagement (VSM) * ISOFIX-Kindersitzbefestigung hinten * Notrufsystem (eCall) Regensensor: Reifendruck-Kontrollsystem (TPMS) Sicherheitslenksäule neigungs- und längsverstellbar Start/Stopp-Automatik Außenspiegel beheizbar Außenspiegel elektrisch anklappbar: * Außenspiegel elektrisch einstellbar * Außenspiegel in Wagenfarbe lackiert * LED-Blinker integriert * Heckscheibe beheizbar mit Abschaltautomatik * Kühlergrillin Schwarz matt * Fahrersitz höhenverstellbar * Rücksitzlehne asymmetrisch geteilt umklappbar 2 Hand (1 Hand Autohaus Schläfer GmbH): Serviceheft kein EU- oder MietwWagen 5 Jahre Herstellergarantie ab Erstzulassung: * Finanzierung auch ohne Anzahlung möglich * Inzahlungnahme ihres Gebrauchten * Änderungen und Irrtümer vorbehalten Angaben zum Hersteller: Hyundai Motor Deutschland GmbH, Hyundai, Kaiserleipromenade 5, 63067 Offenbach, 069-380 767 -101/-102, info(at)hyundai.de Die angegebenen Verbrauchsangaben beziehen sich auf WLTP-Werte. Zwischenverkauf und Irrtümer für dieses Angebot sind ausdrücklich vorbehalten. Ausschlaggebend sind einzig und allein die Vereinbarungen in der Auftragsbestätigung oder im Kaufvertrag. Den genauen Ausstattungsumfang, die genauen Kilometer und den Verkaufspreis erhalten Sie von unserem Verkaufspersonal. Bitte kontaktieren Sie uns."
BMW 528 i Limo Aut. GLASD+PROF+XENON+HEAD+TEMP+360+M,€ 7.450,160000,Benzin,190 kW,Automatik,07/2010,Dealer,"FAHRZEUGNUMMER FÜR KUNDENANFRAGEN: ZC262114 LEIDER IST DAS FAHRZEUG AUFGRUND DES ALTERS BZW DER KILOMETER NICHT MEHR GARANTIEFÄHIG. DAS FAHRZEUG WIRD DAHER NUR NOCH GEWERBLICH ODER IN DEN EXPORT UNTER DEM AUSSCHLUSS DER GEWÄHRLEISTUNG VERKAUFT ! FAHRZEUG AUS 3. HAND WARTUNGEN & SERVICE (SIEHE SCHECKHEFT)? LETZTER SERVICE BEI 154924 KM DEUTSCHES FAHRZEUG / KEIN IMPORTFAHRZEUG METALLIC-LACKIERUNG 3 FAHRMODI (ECO PRO, COMFORT UND SPORT-MODUS) HEAD UP DISPLAY (FARBPROJEKTION AUF FRONTSCHEIBE) 17 ZOLL LM FELGEN M+S REIFEN EURO 5 AUTOMATIK 8 GANG GETRIEBE TEMPOMAT SPORT-MULTIFUNKTIONS-LEDER-LENKRAD BI-XENON SCHEINWERFER MIT SCHEINWERFERREINIGUNGSANLAGE EL. SITZE SCHWARZ PARK-DISTANCE-CONTROL (PDC) VORNE + HINTEN 360° KAMERASYSTEM VERKEHRSZEICHENERKENNUNG NAVIGATIONSSYSTEM PROFESSIONAL MIT FARBDISPLAY /- KARTEND. KLIMAAUTOMATIK /- CLIMATRONIC 2 ZONEN EL: GLASSCHIEBEDACH BLUETOOTH FREISPRECHEINRICHTUNG SPRACHSTEUERUNG INNEN- UND AUßENSPIEGEL AUT. ABBLENDEND UND ANKLAPPBAR ÜBER 400 GEPFLEGTE, GEBRAUCHTE FAHRZEUGE BESICHTIGUNG UND PROBEFAHRT MÖGLICH ANHÄNGERKUPPLUNG GEGEN AUFPREIS NACHRÜSTBAR INZAHLUNGNAHME ZU FAIREN PREISEN INDIVIDUELLE FINANZIERUNG MÖGLICH TROTZ SORGFÄLTIGER ÜBERPRÜFUNG ALLER DETAILS IN UNSEREM ANGEBOT KANN ES VORKOMMEN, DASS SICH FEHLER EINSCHLEICHEN. TEILWEISE WERDEN DIESE DURCH ÜBERTRAGUNGSFEHLER IN DEN SYSTEMEN DER VERSCHIEDENEN PLATTFORMANBIETER VERURSACHT. DAHER MÖCHTEN WIR DARAUF HINWEISEN, DASS SICH ALLE ANGABEN OHNE GEWÄHR VERSTEHEN UND KEINEN RECHTSANSPRUCH DARSTELLEN. RECHTLICHES: DIESE VERKAUFSANZEIGE STELLT KEIN ANGEBOT IM SINNE DES §145 BGB DAR. VIELMEHR HANDELT ES SICH UM INFORMATIONEN ZUR VERTRAGSANBAHNUNG. DIE HIER GEMACHTEN ANGABEN SIND OHNE GEWÄHR UND STELLEN SOMIT KEINE ZUGESICHERTEN EIGENSCHAFTEN DAR. NETTO EXPORT INS EU-AUSLAND ODER DRITTLAND MÖGLICH ERLEDIGUNG ALLER ZOLLFORMALITÄTEN ÖFFNUNGSZEITEN: MO-FR: 09:00-18:00 SA: 09:00-14:00 HTTP://HOME.MOBILE.DE/DICK-AUTOMOBILE"
Hyundai i30 i30 Classic,€ 7.490,78000,Benzin,74 kW,Schaltgetriebe,11/2016,Dealer,"Der Hyundai i30 präsentiert sich als Inbegriff zuverlässiger Mobilität und verbindet modernes Design mit beeindruckender Effizienz. Als 5-Türer-Fahrzeug bietet der i30 Classic nicht nur ausreichend Platz für Familie und Gepäck, sondern garantiert auch höchsten Komfort auf jeder Fahrt. Besonders hervorzuheben ist der geringe Kraftstoffverbrauch des i30, der ihn zu einem ökonomischen Begleiter im Alltag macht. Er vereint Leistungsstärke und Sparsamkeit auf einer neuen Ebene, was ihn ideal für den urbanen Verkehr sowie für längere Strecken prädestiniert. In diesem Zusammenhang spielt Automobile Darmas GmbH als Hyundai-Vertragshändler eine bedeutende Rolle. Als vertrauenswürdiger Partner in der Automobilbranche bietet Darmas nicht nur eine breite Auswahl an Hyundai-Modellen, sondern auch einen umfassenden Service, der den Kauf und die Wartung Ihres Fahrzeugs zum unkomplizierten Erlebnis macht. Der Hyundai i30 Classic ist daher nicht nur eine Wahl für stilbewusste Fahrer, sondern auch eine Entscheidung für Qualität und Zuverlässigkeit, unterstützt durch die Expertise von Automobile Darmas GmbH. Vertrauen Sie auf die Kompetenz eines etablierten Händlers und entscheiden Sie sich für den i30 – ein Fahrzeug, das in jeder Hinsicht überzeugt. u.v.m., Int.-Nr. TMAD2516AHJ341560, Änderungen, Zwischenverkauf und Irrtümer vorbehalten."
Opel Insignia A Lim. Sport 4x4*TÜV 11/26*GARANTIE*,€ 9.790,40402,Diesel,143 kW,Schaltgetriebe,03/2013,Dealer,"OPEL INSIGNIA 2.0 CDTI SPORT 4X4 - 143kW 195PS TÜV 11/2026 + 12 MONATE PREMIUM GEBRAUCHTWAGENGARANTIE! 8-FACH BEREIFT (SOMMER & WINTER) DIE ANGEGEBENEN KILOMETER BEZIEHEN SICH AUF DEN MOTOR! (FAHRZEUG BEKAM 2018 BEI 139.000KM EINEN NEUEN MOTOR - RECHNUNG VORHANDEN!) GESAMTFAHRLEISTUNG DEM TACHOBILD ENTNEHMEN. Sonderausstattung: Bi-Xenon-Scheinwerfer mit adaptiver Lichtverteilung (AFL), Elektrische Schnellheizung (Quickheat), Frontkamera inkl. Adaptive Geschwindigkeitsregelanlage, Heckscheibenwischer, Klimaautomatik 2-Zonen, Metallic-/Mineraleffekt-Lackierung, Parkpilotsystem, Reifendruck-Kontrollsystem, Reserverad als Notrad, Sicht-Paket, USB-Schnittstelle, Vorrüstung Mobiltelefon/Handy mit Bluetooth-Schnittstelle Weitere Ausstattung: Airbag Fahrer-/Beifahrerseite, Aktive Kopfstützen vorn, Audio-Navigationssystem SD Navi 900, Audiobedienung am Lenkrad, Ausstiegsleuchten, Außenspiegel elektr. verstell- und heizbar und manuell anklappbar, Außenspiegel Wagenfarbe, Bremsassistent, Doppeltonfanfare, Drehzahlmesser, ecoFLEX-Paket, Einstiegsleisten (Aluminium), Elektr. Bremskraftverteilung (EBD), Elektron. Traktionskontrolle, Fahrwerk FlexRide Sport, Fensterheber elektrisch vorn + hinten, Fensterzierleisten Edelstahl / Chrom, Feststellbremse elektrisch, Getränkehalter, Innenausstattung: Dekorleisten Klavierlack, Isofix-Aufnahmen für Kindersitz an Rücksitz, Karosserie: 5-türig, Kopf-Airbag-System, Kopfstützen hinten (3-fach), Lenksäule (Lenkrad) verstellbar, Leseleuchten im Fond, Leseleuchten vorn (2), LM-Felgen, Mittelarmlehne hinten, Motor 2,0 Ltr. - 143 kW CDTI KAT (A 20 DTR / LBY / Biturbo), Premium-Sitz vorn links, Raucher-Paket, Reifen 245/45 R18 ..W, Rücksitz geteilt / klappbar, Schadstoffarm nach Abgasnorm Euro 5, Seitenairbag vorn, Servolenkung hydraulisch, Sitz-Komfort-Paket 1, Sitzbezug / Polsterung: Stoff, Sonnenblenden mit Spiegel (beleuchtet), Sportdifferential, Start/Stop-Anlage, Stoßfänger Wagenfarbe, Türgriffe außen Wagenfarbe, Türgriffe innen verchromt, Wärmeschutzverglasung Herzlich willkommen bei DSC - Ihrem zertifizierten Qualitätshändler in Bayern! Unser besonderer Service für Sie: Volle Transparenz! Gerne senden wir Ihnen vorab alle Fahrzeugdokumente, Scheckheft oder weitere Fotos & Videos des Fahrzeugs zu. Auch einfach und bequem per WhatsApp. Fahrzeugauskunft! Vertrauen ist gut aber Kontrolle ist besser - deswegen werden bei uns alle Fahrzeuge vorab in der Online-Datenbank CarVertical auf evtl. in der Vergangenheit liegende Unfallschäden oder Kilometermanipulation überprüft. Individueller Kundenservice - rund um die Uhr! Wir sind mit voller Leidenschaft engagiert. Aus diesem Grund sind Terminvereinbarungen an allen Wochentagen möglich, telefonisch sowie persönlich. Vereinbaren Sie jederzeit einen Termin mit uns. Persönliche Betreuung! Als zertifizierter Qualitätshändler sind wir stets persönlich für Sie da und betreuen Sie vom ersten Termin bis zur Fahrzeugübergabe. Dabei ist es und wichtig, dass der gesamte Kaufprozess für Sie so einfach und vor allem angenehm wie möglich abläuft. Finanzierung! Wir kümmern uns um eine schnelle und reibungslose Finanzierung und sorgen für eine zügige Abwicklung. Mit unserem Finanzierungspartner BANK11 ist eine Finanzierungszusage in wenigen Minuten möglich. Fahrzeug-Lieferung! Alle Fahrzeuge werden im Umkreis von 30KM kostenfrei bis zu Ihrer Haustür oder Ihrem Wunschort geliefert. Gegen Aufpreis auch über die 30KM hinaus. Das Fahrzeug entspricht Ihren Vorstellungen? Dann kontaktieren Sie uns unter +49159 01227761 Besuchen Sie uns gerne auch persönlich, nach Terminvereinbarung! Schauen Sie auch gerne auf unsere Webseite! www.demir-selected-cars.com Rechtlicher Hinweis: Alle Angaben im Inserat sind unverbindlich und ohne Gewähr. Änderungen, Irrtümer und Zwischenverkauf vorbehalten. Die Fahrzeugbeschreibung dient lediglich der allgemeinen Identifizierung des Fahrzeugs und stellt keine zugesicherten Eigenschaften dar. Verbindliche Auskünfte zu Ausstattung, Zustand und Kilometerstand erhalten Sie vor Ort."
Ford Mondeo Titanium Navi AHK Temp Winter-Paket,€ 8.990,135953,Diesel,110 kW,Schaltgetriebe,01/2015,Dealer,"Der Ford Mondeo ist, gerade mit dem Zwei-Liter Dieselmotor , das perfekte Alltagsfahrzeug mit dem man auch problemlos Ausflüge und Urlaubsreisen absolvieren kann . Mit breit aufgestellter Ausstattung sorgt der Wagen mit der Ausstattungslinie Titanium für maximalen Komfort auf jeder Fahrt . Das Fahrzeug wurde regelmäßig bei Ford gewartet und ist ebenfalls mit vielen sicherheitsrelevanten Extras , wie Notbremsassistent, automatischem Notruf und Müdigkeitserkennungs-Sensor. Pakete: Business-Paket Technologie-Paket Winter-Paket Sicht-Paket Assistenzsysteme: Geschwindigkeits-Regelanlage ( Tempomat ) Fahrassistenz-System: Park-Assistent (Active Park Assist) Fahrassistenz-System: Sicherheitssystem SYNC mit automatischem Notruf Außenspiegel mit Blind Spot Informations System Fahrassistenz-System: Fernlichtassistent (Scheinwerfer mit Abblendautomatik) Fahrassistenz-System: Active City Stop Fahrassistenz-System: Spurhalteassistent mit Müdigkeitserkennungs-Sensor Fahrassistenz-System: Verkehrsschildassistent Fahrassistenz-System: Berganfahr-Assistent (Hill-Holder) Fahrassistenz-System: Notbrems-Assistent Scheinwerfer-Assistent mit Tag-/Nachtsensor Sonderausstattung: Audio-Navigationssystem Ford SD (mit Ford SYNC) Sportsitze Frontscheibe heizbar Sitzheizung vorn Scheibenwischer mit Regensensor Innenspiegel mit Abblendautomatik Vorrüstung Mobiltelefon/Handy mit Bluetooth-/USB-Schnittstelle Audiobedienung am Lenkrad 9 Lautsprecher Sprachsteuerung und Bluetooth-Schnittstelle USB-Anschluss Parkpilotsystem vorn und hinten Geschwindigkeits-Begrenzeranlage KeyFree-System Power KeyFree-Startfunktion Zweiter Schlüssel mit Fernbedienung Ambiente-Beleuchtung vorn (LED) Kofferraumdeckel / Heckklappe elektr. betätigt (Öffnung, sensorgesteuert) Außenspiegel elektr. anklappbar Bodenleuchte im Außenspiegel Scheinwerfer-Assistent mit Tag-/Nachtsensor Scheibenwischer mit Regensensor Frontscheibe heizbar Gurtairbag hinten Serien-Ausstattung: Ambiente-Beleuchtung (Multicolor-LED) Anti-Blockier-System (ABS) Antischlupfregelung (ASR) + ABS Antriebsart: Frontantrieb Außenspiegel elektr. anklappbar Außenspiegel elektr. verstell- und heizbar Außenspiegel Wagenfarbe Blinkleuchte in Außenspiegel integriert Coming-Home-Lichtfunktion Scheinwerfer mit Begrüßungsfunktion Scheinwerfer mit Ausschaltverzögerung Dachreling (Aluminium) Einstiegschienen vorn Elektr. Bremskraftverteilung (EBD) Elektron. Stabilitäts-Programm (ESP) Scheibenwischer mit Regensensor Farbdisplay (10,1 Zoll) Fensterheber elektrisch vorn + hinten mit Komfortschließung Fensterrahmen mit Chromblenden (Chromblendensatz) Fernentriegelung Heckklappe/-Deckel Fußmatten Teppich Fußraumleuchte vorn Gepäckraumabdeckung / Rollo Getriebe 6-Gang - Typ: MMT6 Innenraumfilter: Pollenfilter Intelligent Protection System (IPS) Knieairbag Fahrerseite Airbag Fahrer-/Beifahrerseite Kopf-Schulter-Airbag vorn und hinten Seitenairbag vorn 3-Punkt-Sicherheitsgurt hinten Isofix-Aufnahmen für Kindersitz Karosserie: 5-türig Kindersicherung elektrisch Klimaautomatik 2-Zonen Lendenwirbelstütze vorn Lenkrad (Leder) mit Multifunktion Lenksäule (Lenkrad) höhen-/längsverstellbar Leseleuchte vorn Leseleuchten im Fond LM-Felgen 16'' Mittelarmlehne hinten Mittelarmlehne vorn mit Staufach und 12V-Anschluß Motor 2,0 Ltr. - 110 kW TDCi KAT My Key (2. Fahrzeugschlüssel programmierbar) Nebelscheinwerfer Power KeyFree-Startfunktion Reifendruck-Kontrollsystem Reserverad als Notrad Rußpartikelfilter Rücksitzlehne geteilt/klappbar (60:40) Schadstoffarm nach Abgasnorm Euro 6 Schalt-/Wählhebelgriff Leder Servolenkung elektrisch Sitz vorn links höhenverstellbar Sitz vorn rechts höhenverstellbar Sitz vorn rechts verstellbar (4-fach) Sonnenblende links mit Spiegel (beleuchtet) Sonnenblende rechts mit Spiegel (beleuchtet) Sprachsteuerung und Bluetooth-Schnittstelle Start/Stop-Anlage Steckdose (12V-Anschluß) im Koffer-/Laderaum Tagfahrlicht Türgriffe außen lackiert Warnanlage für Sicherheitsgurte hinten Zentralverriegelung mit Fernbedienung Zierleisten unterhalb Seitenscheiben Chrom-Dekor Auf Wunsch bieten wir Ihr neues Fahrzeug auch mit neuer HU/AU, Übergabeinspektion und Gebrauchtwagengarantie an. Auch für Ihr altes Fahrzeug machen wir Ihnen gerne ein Angebot. Sprechen Sie uns gerne an. Sie wollen Ihr neues Fahrzeug bei uns finanzieren? Kein Problem, wir machen rechnen gerne ein Finanzierungsangebot. Die aufgeführte Ausstattungsliste dient nur zur Identifizierung des Fahrzeugs und stellt keine zugesicherte Eigenschaft im kaufrechtlichen Sinne dar. Sie wird somit nicht Vertragsgegenstand und muss im Einzelnen vor Kaufvertragsabschluss von jedem Interessenten vor Ort kontrolliert werden. Bei uns sind keine telefonischen Reservierungen möglich. Ein Zurückhalten des Fahrzeugs ist nur mit vertraglicher Vereinbarung und Anzahlung möglich. Der Zwischenverkauf ist ausdrücklich vorbehalten. Irrtümer, Eingabefehler, Zwischenverkauf und Änderungen sind ausdrücklich vorbehalten."
Volkswagen Polo IV 1.4 United Klimaautom. PDC TEMPOMAT,€ 4.490,119542,Benzin,59 kW,Schaltgetriebe,05/2009,Dealer,"Sehr geehrte Kunden, um die Verfügbarkeit des gewünschten Fahrzeuges gewährleisten zu können, vereinbaren Sie bitte unter 0511/8069880 einen Termin mit uns. Dieser kann ohne große Wartezeit und sehr kurzfristig telefonisch gebucht werden. Wir freuen uns auf Ihren Anruf oder E-Mail. TERMINVEREINBARUNG PER E-MAIL täglich sogar bis 22.00 UHR möglich. Bitte nutzen Sie die Antwortfunktion der Onlinebörsen! Ihr Team vom Autohaus LCF. Fahrzeug Nr. 26 Versicherungsanfrage: HSN: 0603 TSN: AKC Gebrauchtwagenkauf ist reine Vertrauenssache und bei uns besonders sicher! Wir freuen uns, Ihnen Fahrzeuge aller Marken und Hersteller in top Qualität, zu sehr günstigen Konditionen anzubieten. Wir hoffen, unser Angebot sagt Ihnen zu und wir würden uns freuen, Sie als Kunde gewinnen zu können. ++++++++++FESTPREIS!+++++++++++ VERKAUF ERFOLGT AUFGRUND DES ALTERS VORZUGSWEISE AN GEWERBETREIBENDE ALLER ART ODER IN DEN EXPORT HU/AU wird bei Kauf neu gemacht. Kostenloser Sicherheitscheck mit Übergabedurchsicht und bei Fälligkeit mit Ölwechsel in unserem Werkstattbetrieb incl. Letzter Service in 05/2024 bei KM 112.479 4x Allwetterreifen auf 15 Zoll LM-Rädern Überzeugende Eigenschaften: Audiosystem RCD 200 MP3 (Radio/CD-Player, 8 Lautsprecher), Ausstattungs-Paket: Licht + Sicht, Scheibenwischer mit Regensensor, Innenspiegel mit Abblendautomatik, Getränkehalter vorn, Klimaautomatik, Komfort-Paket Elektrik, Diebstahl-Warnanlage mit Innenraumüberwachung, Perleffekt-Lackierung, Verglasung hinten abgedunkelt (65 %), Handbremshebelgriff in Leder mit flanellgrauen Ziernähten, Handbremshebelknopf in Chrom, 3 Speichen Lederlenkrad mit flanellgrauen Ziernähten, Schalthebelknauf in Leder, Schalthebelmanschette und Sitze mit flanellgrauen Ziernähten, Sitzmittelbahn im Dessin ""Surprise"", 3-Punkt-Sicherheitsgurt hinten mitte, 3. Bremsleuchte, Airbag Beifahrerseite abschaltbar, Airbag Fahrer-/Beifahrerseite, Antriebs-Schlupfregelung (ASR), Ausstattungs-Paket: Color, Außenspiegel elektr. verstell- und heizbar, beide, Außenspiegel lackiert, Blinkleuchte in Außenspiegel integriert, Bremsassistent, Dachantenne, Doppeltonhorn, Einparkhilfe hinten, Fensterheber elektrisch vorn und hinten, Frontscheibe Verbundglas getönt, Fußmatten Textil, Gepäckraumabdeckung / Rollo, Gepäckraumbeleuchtung, Heckscheibe heizbar, Heckscheibenwischer, Innenraumfilter: Staub- und Pollenfilter, Karosserie: 4-türig, Kopfstützen hinten (3-fach), Lenksäule (Lenkrad) mechan. verstellbar, Höhen-/Längsverstellung, LM-Felgen, Motor 1,4 Ltr. - 59 kW 16V, Multifunktionsanzeige / Bordcomputer, Nebelschlussleuchte, Nichtraucher-Paket, Reifen-Reparaturkit (Tire Mobility Set), Rücksitzbank / Lehne geteilt, Schalt-/Wählhebelgriff Leder, Scheibenwaschdüsen heizbar, Schutzleisten Stoßfänger Wagenfarbe, Seitenairbag vorn, Seitenschutzleisten Wagenfarbe, Sicherheitsgurte vorn mit Gurtstraffer, höhenverstellbar, Sitz vorn links höhenverstellbar, Sitzbezug / Polsterung: Stoff, Sitzheizung vorn, Sonnenblende links mit Spiegel (beleuchtet), Sonnenblende rechts mit Spiegel (beleuchtet), Stoßfänger Wagenfarbe, Wärmeschutzverglasung grün getönt, Zentralverriegelung. Alle hier gemachten Angaben sind unverbindlich und stellen keine zugesicherten Eigenschaften dar, eine Haftung für Tippfehler und Irrtümer ist ausgeschlossen. Maßgeblich sind die nach Besichtigung und Probefahrt im Kaufvertrag enthaltenen Angaben. Wir bieten Ihnen nur Werkstatt geprüfte Gebrauchtwagen mit einem ausführlichen Prüfzertifikat. Gern nehmen wir Ihr Fahrzeug zu einem fairen Preis in Zahlung. Weitere Fahrzeuge finden Sie unter www.lcf-automobile.de"
BMW 320i M Sport Edition Comfort P. Leder Xenon PDC,€ 7.910,187044,Benzin,125 kW,Schaltgetriebe,02/2012,Dealer,"Deutsches Fahrzeug Sonderausstattung Ausstattungs-Paket: Edition M Sport (Aerodynamik-Paket M-Technic, Außenausstattung: Shadow-Line Hochglanz, Innenausstattung: Interieurleisten Aluminium Glacier Silber, Dachhimmel Anthrazit, Sitzheizung vorn , Sitzbezug / Polsterung: Leder Dakota, Innenausstattung: Interieurleisten, schwarz hochglänzend, Sportsitze vorn , Sport-Fahrwerk (M-Technic), LM-Felgen ) Comfort-Paket (Licht-Paket, Ablage-Paket, Licht- und Regensensor, Automatische Fahrlichtschaltung, Scheibenwischer mit Regensensor, Audiosystem BMW Professional (Radio/CD-Player), Park-Distance-Control ( PDC ), Klimaautomatik erweiterter Umfang, Innenspiegel mit Abblendautomatik) Diebstahl- Warnanlage mit Innenraumabsicherung (Alarmanlage mit Fernbedienung ) Geschwindigkeits-Regelanlage ( Tempomat ) Isofix-Aufnahmen für Kindersitz an Beifahrersitz LED -Lichtelemente Lenkrad (Leder M-Technic) Lenkrad (Sport M-Technic) Metallic-Lackierung Mittelarmlehne vorn verstellbar Servolenkung Servotronic USB-Schnittstelle Vorrüstung Mobiltelefon/Handy mit Bluetooth -Schnittstelle Serienausstattung Airbag Fahrer-/Beifahrerseite Aktive Kopfstützen Anti-Blockier-System (ABS) Außenspiegel Wagenfarbe Außenspiegel elektr. verstellbar Außenspiegel heizbar Blinkleuchten Weiß Bordcomputer (Außentemperaturanzeige ) Bremsenergierückgewinnung (Rekuperationssystem) Check-Control-System Drehzahlmesser Dynamische Stabilitäts-Control (DSC) Fensterheber elektrisch Fernbedienung für Zentralverriegelung Fußmatten Velours Getriebe 6-Gang Isofix-Aufnahmen für Kindersitz an Rücksitz Karosserie: 2-türig Kopf-Airbag-System hinten Kopf-Airbag-System vorn LM-Felgen Lenkrad ( Sport /Leder) mit Multifunktion (Multifunktion für Lenkrad) Lenksäule (Lenkrad) mechan. verstellbar Mittelarmlehne hinten Modellpflege Motor 2,0 Ltr. - 125 kW 16V KAT Nebelscheinwerfer Reifendruck-Kontrollsystem Reifenpannen-Anzeige Reifensystem Run-Flat (mit Notlaufeigenschaften) Rücksitzlehne geteilt/klappbar Schadstoffarm nach Abgasnorm Euro 5 Scheibenwaschdüsen heizbar Seitenairbag vorn Sitze vorn mechanisch verstellbar (Sitze vorn höhenverstellbar) Start/Stop-Anlage (Funktion) Stoßfänger Wagenfarbe Tagfahrlicht Wärmeschutzverglasung (Frontscheibe mit Bandfilter oben) Xenon-Scheinwerfer (Scheinwerfer-Reinigungsanlage ( SRA )) Zentralverriegelung mit Diebstahlsicherung und Crashsensor SERVICE wird bei uns großgeschrieben. Kommen Sie vorbei und überzeugen Sie sich persönlich davon. Wir freuen uns auf SIE! Irrtümer und Änderungen vorbehalten"
Volkswagen Touran 2.0 TDI Freestyle Navi/Alu/SHZ/PDC/Tempom,€ 3.990,199276,Diesel,103 kW,Schaltgetriebe,09/2009,Dealer,"Sonderausstattung: Einparkhilfe hinten, Klimaanlage Climatronic 2-Zonen, Laderaumboden variabel und herausnehmbar, Metallic-Lackierung, Navigationsmodul RNS 310 (für Audiosystem RCD 310) Weitere Ausstattung: 3-Punkt-Sicherheitsgurt hinten mitte, Airbag Fahrer-/Beifahrerseite, Anzeige für Waschwasserstand, Audiosystem RCD 310 (Radio/CD-Player), Außenspiegel asphärisch, links, Außenspiegel elektr. verstell- und heizbar, beide, Außenspiegel lackiert, Blinkleuchte in Außenspiegel integriert, Bremsassistent, Dachreling silber eloxiert, Fensterheber elektrisch vorn und hinten, Fußmatten Textil, Gepäckraum-Abtrennung (Netztrennwand), Gepäckraumabdeckung / Rollo, Heckleuchten dunkel getönt, Innenausstattung: Dekoreinlagen Edelstahl-Design, Innenraumfilter: Staub- und Pollenfilter, Isofix-Aufnahmen für Kindersitz an Rücksitz, Karosserie: 4-türig, Kopf-Airbag-System (Sideguard), Kühlergrill verchromt, Lendenwirbelstützen vorn, Lenksäule (Lenkrad) mechan. verstellbar, Höhen-/Längsverstellung, Leuchtweitenregelung, LM-Felgen, Motor 2,0 Ltr. - 103 kW TDI, Multifunktionsanzeige Plus, Nebelschlussleuchte, Raucher-Paket, Reifen-Reparaturkit (Tire Mobility Set), Scheibenwaschdüsen heizbar, Scheibenwischer mit Intervallschaltung, regulierbar, Scheinwerfer mit abgedunkelten Hintergrund, Seitenairbag vorn, Seitenschutzleisten Wagenfarbe, Sitzbezug / Polsterung: Stoff, Sitze vorn höhenverstellbar, Sitze: Komfortsitze vorn, Sitzheizung vorn, Sitzlehne vorn rechts umklappbar, Stoßfänger lackiert, Türgriffe außen Wagenfarbe, Verglasung grün getönt, Verglasung hinten abgedunkelt (65 %) Finanzierung, Inzahlungnahme möglich. Keine Haftung für Druck-und Schreibfehler. Irrtümer und Zwischenverkauf vorbehalten."
Opel Meriva Innovation *TÜV NEU*INSPEKTION NEU*,€ 3.895,158000,Benzin,88 kW,Schaltgetriebe,07/2012,Dealer,"Gepflegtes Fahrzeug Motor und Getriebe laufen einwandfrei Tüv Neu Inspektion Neu Sonderausstattung: Funktions-Paket Metallic-/Mineraleffekt-Lackierung Raucher-Paket Reserverad als Notrad Serienausstattung: Abbiegelicht und Kurvenlicht (Halogen) Airbag Beifahrerseite abschaltbar Airbag Fahrer-/Beifahrerseite Aktive Kopfstützen vorn Ambiente-Beleuchtung Mittelkonsole Anti-Blockier-System (ABS) Audiosystem CD 300 MP3 (Radio/CD-Player MP3-fähig) Außenspiegel elektr. verstell- und heizbar Außenspiegel Wagenfarbe Bordcomputer Bremsassistent Drehzahlmesser Einstiegsleisten (Aluminium) Einzelsitze hinten außen verstellbar Elektron. Stabilitäts-Programm (ESP) Elektron. Traktionskontrolle Fahrassistenz-System: Berganfahr-Assistent (HSA, Hill Start Assist) Fensterheber elektrisch vorn + hinten Feststellbremse elektrisch Gepäck-/Laderaumboden höhenverstellbar FlexFloor Gepäcknetz / Tasche an Vordersitzlehne Getriebe 6-Gang Heckscheibenwischer Isofix-Aufnahmen für Kindersitz an Rücksitz Karosserie: 5-türig Klimaanlage Kopf-Airbag-System Kühlergrill mit Chromleiste Lenksäule (Lenkrad) verstellbar Leseleuchten im Fond Leseleuchten vorn (2) LM-Felgen Mittelkonsole FlexRail Motor 1,4 Ltr. - 88 kW 16V Turbo Nebelscheinwerfer Parkpilotsystem vorn und hinten Reifendruckwarner Rücksitz geteilt / klappbar Schadstoffarm nach Abgasnorm Euro 5 Seitenairbag vorn Servolenkung elektronisch gesteuert Sitz vorn links höhenverstellbar Sitzbezug / Polsterung: Stoff Morrocana Sonnenblenden mit Spiegel (beleuchtet) Start/Stop-Anlage Tagfahrlicht Türgriffe außen Wagenfarbe Warnanlage für Sicherheitsgurte hinten Winter-Paket Wärmeschutzverglasung Zentralverriegelung mit Fernbedienung"
Ford Focus Lim. Titanium Sitzheizung Bluetooth 2.Hand,€ 3.990,144390,Benzin,110 kW,Schaltgetriebe,07/2011,Dealer,"2. Hand-Ford/Werkstatt-Scheckheft gepflegt! Auszeichnung und Qualitätssiegel verliehen 2013,2014,2015,2016.2017,2018,2019,2020,2021,2022,2023,2024,2025! Pressemitteilung: von autoscout24-Autohaus Roscher GmbH zählt zu den besten Autohäusern in Deutschland! Nichtraucherfahrzeug! Mitglied im Bundesverband-BVfK! Zinsaktion über unsere Volkswagen Bank! Ausstattungslinie: Titanium! Active City Stop-Paket Fahrassistenz-Paket 3 Sitzheizung vorn Verglasung hinten abgedunkelt (Privacy Glass) Ambiente-Beleuchtung vorn (LED) Anti-Blockier-System (ABS) Antriebs-Schlupfregelung (ASR) Audiosystem Sony (Radio/CD-Player, MP3-fähig) mit Multi-Funktions-Display Außenspiegel elektr. verstell- und heizbar Außenspiegel Wagenfarbe Außentemperaturanzeige Blinkleuchte in Außenspiegel integriert Bordcomputer Dachspoiler Dimmer Instrumentenbeleuchtung Einstiegschienen mit Modell-Schriftzug Elektr. Bremskraftverteilung (EBD) Elektron. Stabilitäts-Programm (ESP) Fahrassistenz-System: Berganfahr-Assistent (Hill-Holder) Fahrassistenz-System: Notbrems-Assistent Fensterheber elektrisch vorn + hinten mit Komfortschließung Fensterrahmen mit Chromblenden (Chromblendensatz) Fußmatten Velours Fußraumleuchte vorn Gepäckraumabdeckung / Rollo Geschwindigkeits-Regelanlage (Tempomat) Getriebe 6-Gang - Typ: B6 Getränkehalter vorn Heckleuchten LED Heckscheibenwischer Innenraumfilter: Staub- und Pollenfilter Innenspiegel mit Abblendautomatik Intelligent Protection System (IPS) Isofix-Aufnahmen für Kindersitz Karosserie: 5-türig Klimaautomatik 2-Zonen Kopfstützen hinten mechan. verstellbar (3 Stück) Kühlergrill mit Edelstahleinsatz Kühlergrill schwarz Lendenwirbelstütze Sitz vorn links Lenkrad (Leder 4-Speichen) Lenksäule (Lenkrad) höhen-/längsverstellbar LM-Felgen Mittelarmlehne hinten Mittelkonsole Premium Motor 1,6 Ltr. - 110 kW EcoBoost KAT Nebelscheinwerfer Nebelscheinwerfer mit Chromeinfassung Power KeyFree-Startfunktion Raucher-Paket Reifen-Reparaturkit Reifendruck-Kontrollsystem Rücksitz geteilt / klappbar Schadstoffarm nach Abgasnorm Stage 5 / Euro 5 Schalt-/Wählhebelgriff Leder Scheibenwischer mit Regensensor Scheinwerfer mit abgedunkelten Hintergrund Scheinwerfer mit Ausschaltverzögerung Scheinwerfer-Assistent mit Tag-/Nachtsensor Servolenkung elektrisch Sitz vorn links höhenverstellbar Sitz vorn rechts höhenverstellbar Sonnenblende links mit Spiegel (beleuchtet) Sonnenblende rechts mit Spiegel (beleuchtet) Sportsitze vorn Start/Stop-Anlage Türgriffe außen Wagenfarbe Verglasung getönt Wegfahrsperre (elektronisch) Zentralverriegelung mit Fernbedienung Zierleisten unterhalb Seitenscheiben Chrom-Dekor Wir kaufen Ihren Gebrauchtwagen zu einem fairen Preis! Gebrauchtwagen-Zertifikat, FSP Zustandsbericht und eine vollwertige Gebrauchtwagengarantie, zu ihrer maximalen Sicherheit! Finanzierungauch ohne Anzahlung über unsere Hausbank (Volkswagen Bank,Santander Consumer Bank) möglich! Irrtümer,Eingabefehler und Abverkauf vorbehalten! Vertragsgemäße Beschaffenheit ist nur die, welche bei Kaufabschluss vor Ort besichtigt und schriftlich zugesichert wird! Unsere Öffnungszeiten: Montag bis Freitag 09.00 - 18.00 Uhr Samstags 09.00 - 13.00 Uhr Wir freuen uns auf ihren Besuch und wünschen vorab eine gute Anreise! Ihr Autohaus Roscher GmBH Team."
Hyundai i20 Trend # Digital Cockpit # Navi Paket...,€ 12.000,74300,Benzin,74 kW,Schaltgetriebe,02/2021,Dealer,"Sehr geehrte Kunden, bitte vereinbaren Sie einen Termin mit uns. Unsere Fahrzeuge stehen frei zugänglich zur Besichtigung. Wir sind telefonisch von 8:00 bis 18:00 für Sie erreichbar. Mail-Anfragen werden generell kurzfristig beantwortet. Team Auto-Schiller Hyundai i 20 Trend mit Transportschaden - Dach hinten eingedellt - wird an Wiederverkäufer / Export verkauft. Sonderausstattung: Assistenz-Paket, Metallic-Lackierung, Navigations-Paket Weitere Ausstattung: Airbag Beifahrerseite, Airbag Beifahrerseite abschaltbar, Airbag Fahrerseite, Aktives Bremslicht (ESS), Ambiente-Beleuchtung, Audiosystem: Radio RDS, Außenspiegel elektr. verstell- und heizbar, beide, Außenspiegel lackiert, Blinkleuchte in Außenspiegel integriert, Bordcomputer, Bremsassistent, Dachspoiler, Digital Cockpit (Instrumentenanzeige Digital), Einschaltautomatik für Fahrlicht / Lichtsensor, Elektr. Bremskraftverteilung, Elektron. Stabilitätskontrolle (ESC) mit Bremsassistent, Fahrassistenz-System: aktiver Spurhalteassistent (LKAS, Lane Keep Assist System), Fahrassistenz-System: Aufmerksamkeits-Assistent, Fahrassistenz-System: Autonome Notbremsfunktion inkl. Frontkollisionswarnung (FCA), Fahrassistenz-System: Berganfahrhilfe, Fahrassistenz-System: Fahrprofilauswahl (Drive Mode), Fahrassistenz-System: Fernlichtassistent, Fahrassistenz-System: Insassenalarm (ROA), Fahrassistenz-System: Multikollisionsbremse (Multi Collision Brake), Fahrassistenz-System: Sicherheitssystem mit automatischem Notruf (ERA GLONASS / eCall), Fahrassistenz-System: Verkehrszeichenerkennung, erweitert (Geschwindigkeits-Regel-/Begrenzeranlage), Fensterheber elektrisch hinten, Freisprecheinrichtung Bluetooth, Funktions-Paket, Gegenlenkunterstützung (Vehicle Stability Management, VSM), Gepäck-/Laderaumleuchte, Gepäckraumabdeckung / Rollo, Getränkehalter vorn, Gurtstraffer, Heckscheibe heizbar, Induktionsladeschale für Smartphone, Isofix-Aufnahmen für Kindersitz, Karosserie: 5-türig, Kopf-Airbag-System, Kopfstützen hinten verstellbar, Kühlergrill schwarz (glanzlackiert), Lenkrad (4-Speichen), Lenksäule (Lenkrad) höhenverstellbar, Lenksäule (Lenkrad) längsverstellbar, Leseleuchte, LM-Felgen, Motor 1,0 Ltr. - 74 kW TGDI KAT, Motorhaubenisolierung, Otto-Partikelfilter (OPF), Radioempfang digital (DAB+), Reifen-Reparaturkit, Reifendruck-Kontrollsystem, Rückfahrkamera, Rücksitzlehne geteilt/klappbar, Schadstoffarm nach Abgasnorm Euro 6d, Schalt-/Wählhebelgriff Leder, Seitenairbag vorn, Sicherheitsgurte vorn höhenverstellbar, Sitz vorn links höhenverstellbar, Sitzbezug / Polsterung: Stoff, Sonnenblenden mit Spiegel (beleuchtet), Start/Stop-Anlage, Steckdose (12V-Anschluß) vorn, Türgriffe außen Wagenfarbe, Türgriffe innen lackiert, USB-Anschluss + AUX-IN-Anschluss, USB-Anschluss hinten, USB-Anschluss Mittelkonsole, Verglasung getönt, Warnanlage für Sicherheitsgurte, Fahrer-/Beifahrerseite, Wireless SmartLink (Apple CarPlay)"
Volkswagen T-Roc TSI 1.0 BT085 TSIM6F,€ 16.490,39300,Benzin,85 kW,Schaltgetriebe,01/2020,Dealer,"Getriebe Schaltgetriebe Technik Bordcomputer Start-Stop-Automatik Assistenten Müdigkeitserkennung Verkehrszeichenerkennung Regensensor Lichtsensor Notbremsassistent Berganfahrassistent Spurhalteassistent Abstandsregeltempomat Abstands-/Kollisionswarner Komfort Klimaanlage Servolenkung Zentralverriegelung Elektrischer Fensterheber Sitzheizung Elektrische Aussenspiegel Teilbare Ruecksitzlehne Tempomat Multifunktionslenkrad Innenspiegel autom. abblendbar Mittelarmlehne ParkDistanceControl vorne und hinten Lordosenstütze Lederlenkrad Geschwindigkeitsbegrenzungsanlage Funkfernbedienung Sicht LED-Rueckleuchten Nebelscheinwerfer Colorverglasung Aussenspiegel beheizbar Privacyverglasung Sicherheit ABS Airbag Beifahrer-Airbag Wegfahrsperre ESP Antriebsschlupfregelung Reifendruckkontrolle Traktionskontrolle Kopfairbag Kindersitzbefestigung Pannenkit Entertainment Navigationssystem CD Radio Telefonvorbereitung AUX-In USB-Anschluss MP3 Bluetooth Apple CarPlay Android Auto DAB Touchscreen Sonstiges Katalysator Metallic Alufelgen Elektrische Parkbremse Winterpaket T-ROC 1.0 BT085 TSIM6F X0A Deep Black Perleffekt Titanschwarz/Titanschwarz/ Seitenscheiben hinten und Heckscheibe Außenspiegel elektrisch einstell- anklapp- und Einparkhilfe - Warnsignale bei Hindernissen im Front- Nebelscheinwerfer und Abbiegelicht Titanschwarz/Titanschwarz/ Schwarz Müdigkeitserkennung 4 Ganzjahresreifen 215/60 R 16 Mittelarmlehne vorn inkl. 12- V-Steckdose an der Automatische Distanzregelung ACC und Notbremsassistent Chester 6 5 J x 16 Reifen 215/60 R Licht-und-Sicht-Paket Navigationsfunktion ZollDiscover Media Zoll (für ZollComposition Multifunktionslenkrad in Leder Verkehrszeichenerkennung Digitaler Radioempfang DAB+ Sitzkomfort-Paket Winterpaket VW Connect ZollGuide & Inform Zoll Laufzeit 1 Jahr Radio ZollComposition Media Zoll Antriebs-Schlupfregelung (ASR) Isofix-Aufnahmen für Kindersitz an Rücksitz Start/Stop-Anlage Bluetooth-Schnittstelle für Mobiltelefon Servolenkung elektro-mechanisch und geschwindigkeitsabhängig Klimaanlage Wärmeschutzverglasung grün getönt Heckleuchten LED Multimedia-Schnittstelle USB (Typ C) Zentralverriegelung mit Fernbedienung Sitzbezug / Polsterung: Stoff Basket Parkbremse elektrisch Audiosystem: CD-Player Perleffekt-Lackierung Multimedia-Schnittstelle USB (iPhone / iPod) mit AUX-IN Radioempfang digital (DAB+) Nebelscheinwerfer mit integriertem Abbiegelicht Lendenwirbelstützen vorn Scheibenwischer mit Regensensor LM-Felgen 6 5x16 (Chester) Automatische Fahrlichtschaltung (ALS) mit Leaving Home / Coming-Home-Lichtfunktion Einparkhilfe vorn und hinten Audiosystem Composition Media (Touchscreen Radio/CD-Player MP3 Bluetooth) Lenkrad (Leder) mit Multifunktion Mittelarmlehne vorn Navigationsmodul Discover Media (für Audiosystem) Spiegel-Paket Volkswagen Media Control und App-Connect / MirrorLink Anti-Blockier-System (ABS) Außenspiegel elektr. verstell- und heizbar Wegfahrsperre (elektronisch) Fensterheber elektrisch vorn und hinten Funkschlüssel (2) klappbar Reifenkontroll-Anzeige Airbag Fahrer-/Beifahrerseite Beifahrerairbag abschaltbar Kopf-Airbag-System vorn und hinten inkl. Seitenairbag vorn Motor 1 0 Ltr. - 85 kW TSI Rücksitzlehne geteilt Volkswagen Media Control Außenspiegel mit autom. Absenkfunktion rechts Anhänger-Stabilisierungs-Programm Antriebsart: Frontantrieb Außenspiegel elektr. anklappbar Auto-Hold-Funktion Automatische Distanzregelung (ACC) Berg-Anfahr-Assistent Bremsassistent Chromleisten an Seitenfenstern City-Notbremsfunktion Elektron. Differentialsperre (EDS) Elektron. Stabilitäts-Programm (ESP) Euro 6 Frontscheibe Verbundglas getönt Fußgängererkennung Geschwindigkeits-Begrenzeranlage Getriebe 6-Gang Innenspiegel mit Abblendautomatik Lautsprecher (6) Leseleuchten vorn Licht- und Sicht-Paket 1 Multifunktionsanzeige Plus Nichtraucher-Paket Reifen-Reparaturkit (Tire Mobility Set) Schalt-/Wählhebelgriff Leder Scheibenwaschdüsen heizbar Sitzheizung vorn Sitzhöhenverstellung Sitz-komfort-paket Spurhalteassistent (Lane Assist) Steckdose 12V im Fond Umfeldbeobachtungssystem (Front assist) mit City-Notbremsfunktion Verglasung hinten abgedunkelt (65 %) Warnanlage für Sicherheitsgurte vorn und hinten Winter-Paket Änderungen, Zwischenverkauf und Irrtümer vorbehalten."
Volkswagen Golf 1.4 Edition,€ 2.999,156000,Benzin,55 kW,Schaltgetriebe,02/2002,Dealer,Elektr. Fensterheber Elektr. Seitenspiegel Zentralverriegelung Servolenkung Bluetooth Freisprecheinrichtung Navigationssystem USB Leichtmetallfelgen Tuner/Radio: Tuner/Radio Klimatisierung: Klimaanlage ABS Elektr. Wegfahrsperre ESP Isofix Traktionskontrolle Airbags: Front- und Seiten-Airbags Pannenhilfe: Reserverad Einparkhilfe: Kamera Inzahlungsnahme möglich! Irrtum + Zwischenverkauf vorbehalten. Mitglied im BVfK - Bundesverband freier KFZ-Händler e.V. Sie können das Fahrzeug zwischen Montag und Freitag von 8 bis 17 Uhr und Samstags von 9 bis 12 Uhr jederzeit besichtigen und Probe fahren. Sie melden sich vorher einfach kurz telefonisch an. Wir freuen uns auf Ihren Anruf
Kia Rio 1.2 Attract Klimaautomatik Einparkhilfe,€ 5.500,120000,Benzin,62 kW,Schaltgetriebe,04/2015,Dealer,"5-Gang Getriebe, Stoff, Euro5, schwarz, 5-türig, grüne Umweltplakette (4), 2. Hand, 3. Bremsleuchte, Bremsassistent, Kopfstützen im Fonds, Außenspiegel anklappbar, Außenspiegel beheizbar, Außenspiegel elektr. anklappbar, AUX-In Anschluss, Innenraumfilter, Lenksäule einstellbar, Telefonvorbereitung, Einparkhilfe, Uhr & Drehzahlmesser, Frontantrieb, 4 Einstiegstüren, 3. Sitzreihe, Gepäckraumabdeckung, 4 gurtges. Sitzplätze, Gebrauchtfahrzeug, Super, HSN: 8253 TSN: AFM Radio CD Bluetooth Klimaautomatik Aluräder 16´´ Einparkhilfe hinten Außenspiegel elektr. anklappbar 4-fach Fensterheber Start Stop Automatik Multifunktionslederlenkrad Tempomat ABS Antiblockiersystem Frontantrieb Euro5 5-türig Super 5-Gang Getriebe Zentralverriegelung mit Fernbed. Polsterung Stoff Airbag Beifahrerairbag Fahrerairbag Fenster-/Kopfairbags im Fond Fenster-/Kopfairbags vorne Seitenairbags vorne Fahrwerk ESP Elektronisches Stabilitätsprogramm Komfort AUX-In Anschluss Außenspiegel beheizbar Außenspiegel elektr. Bordcomputer/ Reiserechner Lenksäule mech/elektrisch einstellbar Multifunktionslenkrad Radio/CD Servolenkung Sitzbank hinten geteilt USB Anschluss Sicherheit Bremsassistent ISOFIX Kindersitzhalterung Reifendruckkontrolle Tagfahrlicht Wegfahrsperre Sonstiges Berganfahrhilfe !!! VERKAUFT BEVORZUGT AN GEWERBE ODER EXPORT !!!"
Mercedes-Benz C 200 Limo BlueTec / d *AVANTGARDE*SPURASSIS*AHK,€ 15.899,95235,Diesel,100 kW,Schaltgetriebe,08/2016,Dealer,"Weitere Fotos, Details und Top Angebote finden Sie unter www.myautocenter.de MYAUTOCENTER bietet Ihnen einen Gebrauchtwagen INFORMATION Mercedes-Benz C 200 lim. Motor 1,6 Ltr. - 100 kW TÜV bis 12/2025 EURO 6 aus zweiter Hand Design- und Ausstattungslinie Avantgarde Ablage-Paket Spiegel-Paket Scheinwerfer LED Mercedes me connect Navigationssystem (Garmin MAP Pilot) Müdigkeitserkennungs-Sensor Auffahrwarnsystem mit Bremsfunktion (Collision Prevention Assist) Berganfahrhilfe Anhängerkupplung Abnehmbar Sitze vorn links elektr. verstellbar Letzte Inspektion bei 91000 KM 02/2025 VIN: WDD2050371R187188 2 x KFZ-Schlüssel Sonderausstattung: Ablage-Paket, Audiosystem Audio 20 (mit Touchpad), Avantgarde Interieur, Fahrassistenz-Paket: Spur, Fahrassistenz-System: aktiver Park-Assistent, Fahrassistenz-System: Fernlichtassistent Adaptive, Fußmatten Velours, Harnstofftank (AdBlue), vergrößert, Infotainment-System: Remote Online, Komfort-Fahrwerk tiefergelegt (Agility Control), Kraftstofftank: vergrößert, Metallic-Lackierung, Navigationsmodul Garmin MAP Pilot, Reifen-Reparaturset (Tirefit), Rücksitzlehne geteilt / klappbar, Scheibenwaschanlage beheizt, Sitz-Komfort-Paket, Sitzheizung vorn, Spiegel-Paket, Touchpad mit Drehknopf (Mittelkonsole), Vorbereitung Navigationssystem (Garmin MAP Pilot), Vorrüstung Mobiltelefon/Handy / Komfort-Telefonie / LTE-fähig Weitere Ausstattung: Adaptives Bremslicht, Airbag Fahrer-/Beifahrerseite, Aktive Motorhaube, Außenspiegel elektr. verstell- und heizbar, beide, Außenspiegel Wagenfarbe, Außentemperaturanzeige, Beckenairbag vorn (Pelvisbag), Blinkleuchte in Außenspiegel integriert, Design- und Ausstattungslinie Avantgarde, Einschaltautomatik für Fahrlicht, Fahrassistenz-System: Attention-Assist (Müdigkeitserkennungs-Sensor), Fahrassistenz-System: Auffahrwarnsystem mit Bremsfunktion (Collision Prevention Assist), Fahrassistenz-System: Berganfahrhilfe, Fernentriegelung Heckdeckel, Feststellbremse elektrisch, Infotainment-System: Mercedes me connect, Innenhimmel Stoff, Isofix-Aufnahmen für Kindersitz an Rücksitz, Karosserie: 4-türig, Klimaautomatik (Thermatic 2-Zonen), Knieairbag Fahrerseite, Kopf-Airbag-System (Windowbag), Lenkrad mit Multifunktion, Mercedes-Benz Notrufsystem, Modellbezeichnung geändert (mit Code), Motor 1,6 Ltr. - 100 kW CDI KAT, Reifendruck-Kontrollsystem, Reiserechner, Schadstoffarm nach Abgasnorm Euro 6, Scheinwerfer mit integriertem Tagfahrlicht, SCR-System (AdBlue-Technologie), Seitenairbag (Sidebag) vorn, Sitz vorn links elektr. verstellbar, Sitz vorn rechts elektr. verstellbar, Sitzbelegungserkennung für Airbag Beifahrerseite, Sonnenblenden mit Spiegel (beleuchtet), Start/Stop-Anlage, Steckdose (12V-Anschluß), Warnanlage / Statusanzeige für Sicherheitsgurte im Fond, Wärmeschutzverglasung / Heckscheibe ESG Die Fahrzeugbeschreibung dient lediglich der allgemeinen Identifizierung des Fahrzeuges und stellt keine Gewährleistung im kaufrechtlichen Sinne dar. Die Angaben erheben nicht den Anspruch auf Vollständigkeit. Die gemachten Angaben/ Beschreibungen und Bildern sind unverbindlich und dienen nicht als zugesicherte Eigenschaften. Der Verkäufer übernimmt keine Haftung/ Gewährleistung für Tipp- und Datenübermittlungsfehler. Ausstattungen/km Stand/ Baujahr/Mängel/Probleme/Unfälle/Optik/Verschleiß/Daten etc. sind ggfs. gesondert zu prüfen. Dieser günstige Kaufpreis ist bevorzugt kalkuliert für Interessenten, die ein eigenes Gewerbebetreiben, anderweitig Selbstständig sind, oder exportieren ins Ausland, bei Privatkauf kommen Kosten für eine Gebrauchtwagen Garantie hinzu. Sämtliche Angaben zu den inserierten Fahrzeugen sind unverbindlich. Irrtümer, Schreibfehler und Zwischenverkauf vorbehalten."
Opel Astra Astra ST Business Edition 1.2 Turbo,€ 14.410,69387,Benzin,96 kW,Schaltgetriebe,01/2023,Dealer,"Fahrzeug-Nr: 100250145 Media Multimedia Navi USB Ladeanschluss vorne Mobiltelefonintegration Apple CarPlay Android Auto Audio-Fernbedienung am Lenkrad Bluetooth inkl. Musik Streaming DAB Freisprecheinrichtung Bluetooth Komfort Zwei-Zonen-Klimatisierungsautomatik Media Control Touch Screen Sitzheizung Servolenkung geschwindigkeitsabhängig elektrisch Zentralverriegelung (mit Fernbedienung) mit Schließung der elektr. Fenster Elektrische Fensterheber mit Impulsschaltung für zwei Fenster vorn und hinten Sprachbedienung für Telefon Multifunktionslenkrad höhenverstellbar und längsverstellbar Beheizbares Lenkrad Start/Stop Außenspiegel elektrisch einstellbar beheizt in Wagenfarbe lackiert auf Fahrerseite auf Beifahrerseite Assistenzsysteme Berganfahrassistent / Auto Hold Außenausstattung Anhängerzugvorrichtung abnehmbar Dachreling Tagfahrlicht LED Licht Blinker Solar Protect-Wärmeschutzverglasung stark getönt im Fond Nebelscheinwerfer Innenausstattung Lederlenkrad Bordcomputer Mittelarmlehne verschiebbar vorn inkl. Staufächern Außentemperaturanzeige Sitzbank hinten mit drei Sitzplätzen asymmetr. umlegbar Sitzbezüge: Stoff / Stoff, Fünf Sitzplätze mit Sitzkonfiguration: 2+3 Laderaumabdeckung flexibel Sicherheit Einparkhilfe hinten Einparkhilfe vorne Rückfahrkamera Geschwindigkeitsbegrenzer Geschwindigkeitsregelanlage Kopf-/Dach Airbag vorn und hinten, Seiten-Airbag vorne Fahrer-Airbag, Beifahrer-Airbag mit Deaktivierung für Beifahrerairbag ABS Cornering brake control, Elektronische Fahrstabilitätskontrolle Windschutzscheiben-Wisch-Wasch-Anlage mit Regensensor Antriebs-Schlupf-Regelung Reifendruckkontrolle Druckanzeige und Felgensensor Isofix Wegfahrsperre Ausstattungspaket Ausstattungsbezeichnung: Business Edition, Business Edition Plus-Paket Sonstige Ausstattung 12V Steckdose vorne, Getränkehalter für Vordersitze 6-Gang Schaltgetriebe Irrtümer und Änderungen vorbehalten. Fahrzeugbeschreibung/-ausstattung vorläufig und unverbindlich und werden in dieser Form nicht automatisch zum Vertragsinhalt."
BMW 316 d Touring 1.Hd 48tkm 6-Gg PDC Xenon TÜV NEU,€ 9.500,48300,Diesel,85 kW,Schaltgetriebe,05/2012,Dealer,"Sonderausstattung: Klimaautomatik, Xenonscheinwerfer, 6-Gang Schaltgetriebe, Ablage-Paket, Comfort-Paket, Dachreling schwarz, Fußmatten Velours, Metallic-Lackierung, Multifunktion für Lenkrad, Sitzheizung vorn, Airbag Fahrer-/Beifahrerseite, Aktive Kopfstützen, Außenspiegel elektr. verstellbar, Außenspiegel heizbar, Außenspiegel Wagenfarbe, Blinkleuchten Weiß, Bordcomputer, Bremsenergierückgewinnung (Rekuperationssystem), Check-Control-System, Drehzahlmesser, Exterieurumfänge Wagenfarbe, 4x el.Fensterheber, Heckleuchten LED, Innenausstattung: Interieurleisten Satin-Silber, Isofix-Aufnahmen für Kindersitz an Rücksitz, Karosserie: 5-türig, Kopf-Airbag-System hinten, Kopf-Airbag-System vorn, Kopfstützen hinten mechan. verstellbar (3 Stück), Lenksäule (Lenkrad) mechan. verstellbar, Mittelarmlehne hinten, Motor 2,0 Ltr. - 85 kW 16V Diesel KAT, Reifendruck-Kontrollsystem, Reifenpannen-Anzeige, Rücksitzlehne geteilt/klappbar, Seitenairbag vorn, Sitzbezug / Polsterung: Stoff Vertex, Sitze vorn mechanisch verstellbar, Stoßfänger Wagenfarbe, Wärmeschutzverglasung getönt, original 17"" Alufelgen mit Winterbereifung (keine Sommerreifen vorhanden) Bei Interesse bitte anrufen, ab sofort werden aus Zeitgründen keine Emails mehr beantwortet!!! Abgasnorm Euro 5 grüne Feinstaubplakette aus 1.Hand Scheckheftgepflegt original nur 48300km TÜV/AU NEU bis Mai 2027 Nichtraucherfahrzeug lückenlos Scheckheftgepflegt bei BMW letzter Service bei 48220km am 24.10.2024 Bremsen vorne laut BMW in 36000km erst fällig/ hinten in 5000km komplette BMW-Service Historie vorhanden 95j. Vorbesitzer, daher auch diverse Lackschäden siehe auf den Fotos Schlüsselnummern zu 2: 0005 und zu 3: AWY Ihr bisheriges Fahrzeug können wir in Anzahlung nehmen!! Zu diesem Fahrzeug können wir Ihnen gegen 470.-€ Aufpreis 1 Jahr Gebrauchtwagengarantie der INTEC AG mit anbieten (Europaweit in jeder Fachwerkstatt gültig) Zwischenverkauf/ Änderungen und Irrtümer für dieses Angebot sind ausdrücklich vorbehalten. Die Fahrzeugbeschreibung dient lediglich der allgemeinen Identifizierung des Fahrzeuges und stellt keine Gewährleistung im kaufrechtlichen Sinne dar. Ausschlaggebend sind einzig und allein die Vereinbarungen in der Auftragsbestätigung oder im Kaufvertrag. Bitte überprüfen Sie die Ausstattung am Fahrzeug! Für Besichtigungen und Probefahrten bitten wie Sie um telefonische Absprache, so daß wir auch Zeit für Sie haben !!!!! www.schabel-automobile.de WIR FREUEN UNS AUF IHREN BESUCH !!!!"
SEAT Ibiza SC Style Salsa NAVI KLIMA SITZHEIZUNG,€ 5.950,95000,Benzin,51 kW,Schaltgetriebe,09/2013,Dealer,"Sonderausstattung: Leder-/Alcantara-Paket, Sonderlackierung Weiß Weitere Ausstattung: 3-Punkt-Sicherheitsgurt hinten mitte, 4 Lautsprecher, Ablagetasche an Vordersitzlehnen, Airbag Beifahrerseite abschaltbar, Airbag Fahrer-/Beifahrerseite, Antriebs-Schlupfregelung (ASR), Audiosystem: Radio/CD-Player MP3-fähig, Außenspiegel elektr. verstell- und heizbar, beide, Außenspiegel konvex, links, Außenspiegel und Türgriffe außen in Wagenfarbe, Außentemperaturanzeige, Bordcomputer, Dachantenne, Doppelscheinwerfer, Elektron. Differentialsperre (EDS), Gepäckraumabdeckung / Rollo, Innenraumfilter: Staub- und Pollenfilter, Isofix-Aufnahmen für Kindersitz, Karosserie: 3-türig, Klimaautomatik, Kopfstützen hinten (3-fach), Kopfstützen vorn verstellbar, Kühlergrill mit Chromrand, Lenksäule (Lenkrad) verstellbar, Modellpflege, Motor 1,2 Ltr. - 51 kW 12V, Reifen-Reparaturset, Rücksitz geteilt, Schadstoffarm nach Abgasnorm Euro 5, SEAT Portable System (Navigations- und Entertainment-System), Seitenairbag, Sitz vorn links höhenverstellbar, Steckdose (12V-Anschluß) in Mittelkonsole, Stoßfänger lackiert Das Fahrzeug befindet sich aktuell in der Aufbereitung Bilder folgen Willkommen bei Car Point Pinneberg bei Hamburg. Bei weiteren Fragen wenden Sie sich gerne unter der Rufnummer 017624342209 Besichtigungen bitte nur nach Terminvereinbarung Unser Leistungsumfang: - Inzahlungnahme aller Fabrikate zu fairen Preisen - Individuelle Finanzierung bis zu 96 Monaten auch ohne Anzahlung - HU/AU (TÜV) und Inspektion nach Herstellervorgabe - Zusatzbereifung zu günstigen Konditionen - An- und Abmeldeservice - Lieferung nach Absprache möglich - Winterräder, Anhängerkupplung und HU/AU (TÜV) auf Anfrage ggf. gegen Aufpreis möglich Für weitere Fragen stehen wir Ihnen gern zur Verfügung. Wir freuen uns auf Sie! Ihr Team von Car Point Pinneberg Alle Angaben ohne Gewähr. Zwischenverkauf und Irrtümer für dieses Angebot sind ausdrücklich vorbehalten. Die Fahrzeugbeschreibung dient lediglich der allgemeinen Identifizierung des Fahrzeuges und stellt keine Gewährleistung im kaufrechtlichen Sinne dar. Ausschlaggebend sind einzig und allein die Vereinbarungen in der Auftragsbestätigung oder im Kaufvertrag. Den genauen Ausstattungsumfang erhalten Sie von unserem Verkaufspersonal"
